search_date,flight_date,origin,destination,departure_time,arrival_time,duration,price,is_direct,origin_airport,destination_airport,checked_baggage,hand_baggage,layover_airport,layover_duration,airlines
2024-11-19 19:25:36,2024-11-20,BOD,LON,06:50 – 07:30,direct,1h 40min,106 €,True,BOD,N/A,N/A,N/A,N/A,N/A,N/A
2024-11-19 19:25:36,2024-11-20,BOD,LON,06:50 – 07:30,direct,1h 40min,93 €,True,BOD,N/A,N/A,N/A,N/A,N/A,N/A
2024-11-19 19:25:36,2024-11-20,BOD,LON,20:20 – 21:00,direct,1h 40min,122 €,True,BOD,N/A,N/A,N/A,N/A,N/A,N/A
2024-11-19 19:25:36,2024-11-20,BOD,LON,09:35 – 14:15,1 escale,5h 40min,134 €,True,BOD,N/A,N/A,N/A,N/A,N/A,N/A
2024-11-19 19:25:36,2024-11-20,BOD,LON,18:35 – 21:25,1 escale,3h 50min,191 €,True,BOD,N/A,N/A,N/A,N/A,N/A,N/A
2024-11-19 19:25:36,2024-11-20,BOD,LON,06:00 – 09:00,1 escale,4h 00min,214 €,True,BOD,N/A,N/A,N/A,N/A,N/A,N/A
2024-11-19 19:25:36,2024-11-20,BOD,LON,09:05 – 13:20,1 escale,5h 15min,233 €,True,BOD,N/A,N/A,N/A,N/A,N/A,N/A
2024-11-19 19:25:36,2024-11-20,BOD,LON,15:55 – 21:25,1 escale,6h 30min,197 €,True,BOD,N/A,N/A,N/A,N/A,N/A,N/A
2024-11-19 19:25:36,2024-11-20,BOD,LON,09:35 – 14:40,1 escale,6h 05min,217 €,True,BOD,N/A,N/A,N/A,N/A,N/A,N/A
2024-11-19 19:25:36,2024-11-20,BOD,LON,13:35 – 16:35,1 escale,4h 00min,445 €,True,BOD,N/A,N/A,N/A,N/A,N/A,N/A
2024-11-19 19:25:36,2024-11-20,BOD,LON,17:55 – 22:25,1 escale,5h 30min,271 €,True,BOD,N/A,N/A,N/A,N/A,N/A,N/A
2024-11-19 19:25:36,2024-11-20,BOD,LON,18:00 – 20:50,1 escale,3h 50min,509 €,True,BOD,N/A,N/A,N/A,N/A,N/A,N/A
2024-11-19 19:25:36,2024-11-20,BOD,LON,16:40 – 22:35,1 escale,6h 55min,209 €,True,BOD,N/A,N/A,N/A,N/A,N/A,N/A
2024-11-19 19:25:36,2024-11-20,BOD,LON,06:00 – 08:50,1 escale,3h 50min,517 €,True,BOD,N/A,N/A,N/A,N/A,N/A,N/A
2024-11-19 19:25:36,2024-11-20,BOD,LON,09:35 – 14:15,1 escale,5h 40min,357 €,True,BOD,N/A,N/A,N/A,N/A,N/A,N/A
2024-11-19 19:25:36,2024-11-20,BOD,LON,09:05 – 13:25,1 escale,5h 20min,413 €,True,BOD,N/A,N/A,N/A,N/A,N/A,N/A
2024-11-19 19:25:36,2024-11-20,BOD,LON,09:05 – 13:25,1 escale,5h 20min,422 €,True,BOD,N/A,N/A,N/A,N/A,N/A,N/A
2024-11-19 19:25:36,2024-11-20,BOD,LON,15:25 – 19:30,1 escale,5h 05min,356 €,True,BOD,N/A,N/A,N/A,N/A,N/A,N/A
2024-11-19 19:25:36,2024-11-20,BOD,LON,09:35 – 13:50,1 escale,5h 15min,430 €,True,BOD,N/A,N/A,N/A,N/A,N/A,N/A
2024-11-19 19:25:36,2024-11-20,BOD,LON,10:40 – 13:45,1 escale,4h 05min,549 €,True,BOD,N/A,N/A,N/A,N/A,N/A,N/A
2024-11-19 19:25:36,2024-11-20,BOD,LON,09:35 – 13:50,1 escale,5h 15min,363 €,True,BOD,N/A,N/A,N/A,N/A,N/A,N/A
2024-11-19 19:25:36,2024-11-20,BOD,LON,09:35 – 14:15,1 escale,5h 40min,424 €,True,BOD,N/A,N/A,N/A,N/A,N/A,N/A
2024-11-19 19:25:36,2024-11-20,BOD,LON,09:05 – 14:10,1 escale,6h 05min,413 €,True,BOD,N/A,N/A,N/A,N/A,N/A,N/A
2024-11-19 19:25:36,2024-11-20,BOD,LON,15:25 – 19:00,1 escale,4h 35min,482 €,True,BOD,N/A,N/A,N/A,N/A,N/A,N/A
2024-11-19 19:25:36,2024-11-20,BOD,LON,09:05 – 14:10,1 escale,6h 05min,422 €,True,BOD,N/A,N/A,N/A,N/A,N/A,N/A
2024-11-19 19:25:36,2024-11-20,BOD,LON,09:00 – 14:00,1 escale,6h 00min,354 €,True,BOD,N/A,N/A,N/A,N/A,N/A,N/A
2024-11-19 19:25:36,2024-11-20,BOD,LON,13:35 – 18:20,1 escale,5h 45min,445 €,True,BOD,N/A,N/A,N/A,N/A,N/A,N/A
2024-11-19 19:25:36,2024-11-20,BOD,LON,18:25 – 22:15,1 escale,4h 50min,600 €,True,BOD,N/A,N/A,N/A,N/A,N/A,N/A
2024-11-19 19:25:36,2024-11-20,BOD,LON,17:55 – 22:00,1 escale,5h 05min,584 €,True,BOD,N/A,N/A,N/A,N/A,N/A,N/A
2024-11-19 19:25:36,2024-11-20,BOD,LON,12:30 – 16:35,1 escale,5h 05min,584 €,True,BOD,N/A,N/A,N/A,N/A,N/A,N/A
2024-11-19 19:25:36,2024-11-20,BOD,LON,15:25 – 19:50,1 escale,5h 25min,554 €,True,BOD,N/A,N/A,N/A,N/A,N/A,N/A
2024-11-19 19:25:36,2024-11-20,BOD,LON,09:35 – 15:55,1 escale,7h 20min,358 €,True,BOD,N/A,N/A,N/A,N/A,N/A,N/A
2024-11-19 19:25:36,2024-11-20,BOD,LON,11:20 – 17:30,1 escale,7h 10min,376 €,True,BOD,N/A,N/A,N/A,N/A,N/A,N/A
2024-11-19 19:25:36,2024-11-20,BOD,LON,09:35 – 15:55,1 escale,7h 20min,430 €,True,BOD,N/A,N/A,N/A,N/A,N/A,N/A
2024-11-19 19:25:36,2024-11-20,BOD,LON,12:35 – 18:50,1 escale,7h 15min,398 €,True,BOD,N/A,N/A,N/A,N/A,N/A,N/A
2024-11-19 19:25:36,2024-11-20,BOD,LON,15:25 – 21:40,1 escale,7h 15min,404 €,True,BOD,N/A,N/A,N/A,N/A,N/A,N/A
2024-11-19 19:25:36,2024-11-20,BOD,LON,10:40 – 16:35,1 escale,6h 55min,514 €,True,BOD,N/A,N/A,N/A,N/A,N/A,N/A
2024-11-19 19:25:36,2024-11-20,BOD,LON,12:35 – 18:15,1 escale,6h 40min,476 €,True,BOD,N/A,N/A,N/A,N/A,N/A,N/A
2024-11-19 19:25:36,2024-11-20,BOD,LON,15:25 – 21:00,1 escale,6h 35min,555 €,True,BOD,N/A,N/A,N/A,N/A,N/A,N/A
2024-11-19 19:25:36,2024-11-20,BOD,LON,12:30 – 17:40,1 escale,6h 10min,584 €,True,BOD,N/A,N/A,N/A,N/A,N/A,N/A
2024-11-19 19:25:36,2024-11-20,BOD,LON,06:00 – 10:30,1 escale,5h 30min,633 €,True,BOD,N/A,N/A,N/A,N/A,N/A,N/A
2024-11-19 19:25:36,2024-11-20,BOD,LON,17:55 – 22:00,1 escale,5h 05min,650 €,True,BOD,N/A,N/A,N/A,N/A,N/A,N/A
2024-11-19 19:25:36,2024-11-20,BOD,LON,12:35 – 18:50,1 escale,7h 15min,430 €,True,BOD,N/A,N/A,N/A,N/A,N/A,N/A
2024-11-19 19:25:36,2024-11-20,BOD,LON,15:25 – 19:15,1 escale,4h 50min,659 €,True,BOD,N/A,N/A,N/A,N/A,N/A,N/A
2024-11-19 19:25:36,2024-11-20,BOD,LON,12:30 – 18:25,1 escale,6h 55min,584 €,True,BOD,N/A,N/A,N/A,N/A,N/A,N/A
2024-11-19 19:25:36,2024-11-20,BOD,LON,06:00 – 10:45,1 escale,5h 45min,716 €,True,BOD,N/A,N/A,N/A,N/A,N/A,N/A
2024-11-19 19:25:36,2024-11-20,BOD,LON,09:05 – 14:55,1 escale,6h 50min,743 €,True,BOD,N/A,N/A,N/A,N/A,N/A,N/A
2024-11-19 19:25:36,2024-11-20,BOD,LON,15:25 – 21:50,1 escale,7h 25min,701 €,True,BOD,N/A,N/A,N/A,N/A,N/A,N/A
2024-11-19 19:25:36,2024-11-20,BOD,LON,12:30 – 16:05,1 escale,4h 35min,977 €,True,BOD,N/A,N/A,N/A,N/A,N/A,N/A
2024-11-19 19:25:36,2024-11-20,BOD,LON,09:35 – 15:55,1 escale,7h 20min,790 €,True,BOD,N/A,N/A,N/A,N/A,N/A,N/A
2024-11-19 19:25:36,2024-11-20,BOD,LON,06:00 – 09:30,1 escale,4h 30min,996 €,True,BOD,N/A,N/A,N/A,N/A,N/A,N/A
2024-11-19 19:25:36,2024-11-20,BOD,LON,12:30 – 17:00,1 escale,5h 30min,977 €,True,BOD,N/A,N/A,N/A,N/A,N/A,N/A
2024-11-19 19:25:36,2024-11-20,BOD,LON,09:05 – 14:55,1 escale,6h 50min,941 €,True,BOD,N/A,N/A,N/A,N/A,N/A,N/A
2024-11-19 19:25:36,2024-11-20,BOD,LON,12:30 – 19:15,1 escale,7h 45min,1 480 €,True,BOD,N/A,N/A,N/A,N/A,N/A,N/A
2024-11-19 19:26:24,2024-11-21,BOD,LON,20:35 – 21:15,direct,1h 40min,205 €,True,BOD,N/A,N/A,N/A,N/A,N/A,N/A
2024-11-19 19:26:24,2024-11-21,BOD,LON,20:35 – 21:15,direct,1h 40min,183 €,True,BOD,N/A,N/A,N/A,N/A,N/A,N/A
2024-11-19 19:26:24,2024-11-21,BOD,LON,13:35 – 18:45,1 escale,6h 10min,150 €,True,BOD,N/A,N/A,N/A,N/A,N/A,N/A
2024-11-19 19:26:24,2024-11-21,BOD,LON,18:35 – 21:25,1 escale,3h 50min,191 €,True,BOD,N/A,N/A,N/A,N/A,N/A,N/A
2024-11-19 19:26:24,2024-11-21,BOD,LON,17:00 – 21:45,1 escale,5h 45min,158 €,True,BOD,N/A,N/A,N/A,N/A,N/A,N/A
2024-11-19 19:26:24,2024-11-21,BOD,LON,13:35 – 18:45,1 escale,6h 10min,152 €,True,BOD,N/A,N/A,N/A,N/A,N/A,N/A
2024-11-19 19:26:24,2024-11-21,BOD,LON,15:45 – 19:15,1 escale,4h 30min,202 €,True,BOD,N/A,N/A,N/A,N/A,N/A,N/A
2024-11-19 19:26:24,2024-11-21,BOD,LON,15:45 – 21:15,1 escale,6h 30min,158 €,True,BOD,N/A,N/A,N/A,N/A,N/A,N/A
2024-11-19 19:26:24,2024-11-21,BOD,LON,09:05 – 12:15,1 escale,4h 10min,312 €,True,BOD,N/A,N/A,N/A,N/A,N/A,N/A
2024-11-19 19:26:24,2024-11-21,BOD,LON,13:35 – 20:15,1 escale,7h 40min,190 €,True,BOD,N/A,N/A,N/A,N/A,N/A,N/A
2024-11-19 19:26:24,2024-11-21,BOD,LON,11:30 – 16:20,1 escale,5h 50min,268 €,True,BOD,N/A,N/A,N/A,N/A,N/A,N/A
2024-11-19 19:26:24,2024-11-21,BOD,LON,12:40 – 19:30,1 escale,7h 50min,195 €,True,BOD,N/A,N/A,N/A,N/A,N/A,N/A
2024-11-19 19:26:24,2024-11-21,BOD,LON,15:55 – 21:25,1 escale,6h 30min,272 €,True,BOD,N/A,N/A,N/A,N/A,N/A,N/A
2024-11-19 19:26:24,2024-11-21,BOD,LON,13:50 – 17:50,1 escale,5h 00min,355 €,True,BOD,N/A,N/A,N/A,N/A,N/A,N/A
2024-11-19 19:26:24,2024-11-21,BOD,LON,13:50 – 17:50,1 escale,5h 00min,355 €,True,BOD,N/A,N/A,N/A,N/A,N/A,N/A
2024-11-19 19:26:24,2024-11-21,BOD,LON,13:35 – 16:35,1 escale,4h 00min,542 €,True,BOD,N/A,N/A,N/A,N/A,N/A,N/A
2024-11-19 19:27:12,2024-11-22,BOD,LON,13:55 – 14:35,direct,1h 40min,186 €,True,BOD,N/A,N/A,N/A,N/A,N/A,N/A
2024-11-19 19:27:12,2024-11-22,BOD,LON,13:55 – 14:35,direct,1h 40min,178 €,True,BOD,N/A,N/A,N/A,N/A,N/A,N/A
2024-11-19 19:27:12,2024-11-22,BOD,LON,16:20 – 22:15,1 escale,6h 55min,147 €,True,BOD,N/A,N/A,N/A,N/A,N/A,N/A
2024-11-19 19:27:12,2024-11-22,BOD,LON,20:40 – 21:20,direct,1h 40min,199 €,True,BOD,N/A,N/A,N/A,N/A,N/A,N/A
2024-11-19 19:27:12,2024-11-22,BOD,LON,09:45 – 13:40,1 escale,4h 55min,180 €,True,BOD,N/A,N/A,N/A,N/A,N/A,N/A
2024-11-19 19:27:12,2024-11-22,BOD,LON,18:35 – 21:25,1 escale,3h 50min,229 €,True,BOD,N/A,N/A,N/A,N/A,N/A,N/A
2024-11-19 19:27:12,2024-11-22,BOD,LON,07:00 – 12:00,1 escale,6h 00min,179 €,True,BOD,N/A,N/A,N/A,N/A,N/A,N/A
2024-11-19 19:27:12,2024-11-22,BOD,LON,16:20 – 19:05,1 escale,3h 45min,263 €,True,BOD,N/A,N/A,N/A,N/A,N/A,N/A
2024-11-19 19:27:12,2024-11-22,BOD,LON,17:55 – 22:15,1 escale,5h 20min,227 €,True,BOD,N/A,N/A,N/A,N/A,N/A,N/A
2024-11-19 19:27:12,2024-11-22,BOD,LON,08:41 – 14:25,1 escale,6h 44min,180 €,True,BOD,N/A,N/A,N/A,N/A,N/A,N/A
2024-11-19 19:27:12,2024-11-22,BOD,LON,16:20 – 22:05,1 escale,6h 45min,181 €,True,BOD,N/A,N/A,N/A,N/A,N/A,N/A
2024-11-19 19:27:12,2024-11-22,BOD,LON,12:50 – 17:55,1 escale,6h 05min,206 €,True,BOD,N/A,N/A,N/A,N/A,N/A,N/A
2024-11-19 19:27:12,2024-11-22,BOD,LON,18:15 – 23:50,1 escale,6h 35min,194 €,True,BOD,N/A,N/A,N/A,N/A,N/A,N/A
2024-11-19 19:27:12,2024-11-22,BOD,LON,09:45 – 15:40,1 escale,6h 55min,189 €,True,BOD,N/A,N/A,N/A,N/A,N/A,N/A
2024-11-19 19:27:12,2024-11-22,BOD,LON,15:55 – 21:25,1 escale,6h 30min,229 €,True,BOD,N/A,N/A,N/A,N/A,N/A,N/A
2024-11-19 19:27:12,2024-11-22,BOD,LON,09:45 – 15:50,1 escale,7h 05min,198 €,True,BOD,N/A,N/A,N/A,N/A,N/A,N/A
2024-11-19 19:27:59,2024-11-23,BOD,LON,07:40 – 11:15,1 escale,4h 35min,181 €,True,BOD,N/A,N/A,N/A,N/A,N/A,N/A
2024-11-19 19:27:59,2024-11-23,BOD,LON,07:40 – 11:15,1 escale,4h 35min,133 €,True,BOD,N/A,N/A,N/A,N/A,N/A,N/A
2024-11-19 19:27:59,2024-11-23,BOD,LON,21:45 – 08:20+1,1 escale,11h 35min,94 €,True,BOD,N/A,N/A,N/A,N/A,N/A,N/A
2024-11-19 19:27:59,2024-11-23,BOD,LON,08:50 – 12:10,1 escale,4h 20min,147 €,True,BOD,N/A,N/A,N/A,N/A,N/A,N/A
2024-11-19 19:27:59,2024-11-23,BOD,LON,15:30 – 21:50,1 escale,7h 20min,118 €,True,BOD,N/A,N/A,N/A,N/A,N/A,N/A
2024-11-19 19:27:59,2024-11-23,BOD,LON,11:58 – 19:25,1 escale,8h 27min,103 €,True,BOD,N/A,N/A,N/A,N/A,N/A,N/A
2024-11-19 19:27:59,2024-11-23,BOD,LON,17:55 – 23:15,1 escale,6h 20min,147 €,True,BOD,N/A,N/A,N/A,N/A,N/A,N/A
2024-11-19 19:27:59,2024-11-23,BOD,LON,21:45 – 08:30+1,1 escale,11h 45min,97 €,True,BOD,N/A,N/A,N/A,N/A,N/A,N/A
2024-11-19 19:27:59,2024-11-23,BOD,LON,21:45 – 09:10+1,1 escale,12h 25min,97 €,True,BOD,N/A,N/A,N/A,N/A,N/A,N/A
2024-11-19 19:27:59,2024-11-23,BOD,LON,08:50 – 13:50,1 escale,6h 00min,182 €,True,BOD,N/A,N/A,N/A,N/A,N/A,N/A
2024-11-19 19:27:59,2024-11-23,BOD,LON,07:40 – 14:30,1 escale,7h 50min,145 €,True,BOD,N/A,N/A,N/A,N/A,N/A,N/A
2024-11-19 19:27:59,2024-11-23,BOD,LON,21:45 – 09:55+1,1 escale,13h 10min,97 €,True,BOD,N/A,N/A,N/A,N/A,N/A,N/A
2024-11-19 19:27:59,2024-11-23,BOD,LON,15:15 – 23:25,1 escale,9h 10min,137 €,True,BOD,N/A,N/A,N/A,N/A,N/A,N/A
2024-11-19 19:27:59,2024-11-23,BOD,LON,06:30 – 14:45,1 escale,9h 15min,136 €,True,BOD,N/A,N/A,N/A,N/A,N/A,N/A
2024-11-19 19:27:59,2024-11-23,BOD,LON,21:45 – 09:10+1,1 escale,12h 25min,115 €,True,BOD,N/A,N/A,N/A,N/A,N/A,N/A
2024-11-19 19:27:59,2024-11-23,BOD,LON,15:15 – 01:25+1,1 escale,11h 10min,118 €,True,BOD,N/A,N/A,N/A,N/A,N/A,N/A
2024-11-19 19:28:47,2024-11-24,BOD,LON,21:15 – 21:55,direct,1h 40min,189 €,True,BOD,N/A,N/A,N/A,N/A,N/A,N/A
2024-11-19 19:28:47,2024-11-24,BOD,LON,21:15 – 21:55,direct,1h 40min,162 €,True,BOD,N/A,N/A,N/A,N/A,N/A,N/A
2024-11-19 19:28:47,2024-11-24,BOD,LON,07:15 – 11:20,1 escale,5h 05min,89 €,True,BOD,N/A,N/A,N/A,N/A,N/A,N/A
2024-11-19 19:28:47,2024-11-24,BOD,LON,18:15 – 19:00,direct,1h 45min,177 €,True,BOD,N/A,N/A,N/A,N/A,N/A,N/A
2024-11-19 19:28:47,2024-11-24,BOD,LON,18:00 – 22:15,1 escale,5h 15min,120 €,True,BOD,N/A,N/A,N/A,N/A,N/A,N/A
2024-11-19 19:28:47,2024-11-24,BOD,LON,18:00 – 22:10,1 escale,5h 10min,125 €,True,BOD,N/A,N/A,N/A,N/A,N/A,N/A
2024-11-19 19:28:47,2024-11-24,BOD,LON,18:45 – 22:25,1 escale,4h 40min,156 €,True,BOD,N/A,N/A,N/A,N/A,N/A,N/A
2024-11-19 19:28:47,2024-11-24,BOD,LON,18:00 – 22:35,1 escale,5h 35min,200 €,True,BOD,N/A,N/A,N/A,N/A,N/A,N/A
2024-11-19 19:28:47,2024-11-24,BOD,LON,16:40 – 21:40,1 escale,6h 00min,162 €,True,BOD,N/A,N/A,N/A,N/A,N/A,N/A
2024-11-19 19:28:47,2024-11-24,BOD,LON,06:00 – 10:45,1 escale,5h 45min,223 €,True,BOD,N/A,N/A,N/A,N/A,N/A,N/A
2024-11-19 19:28:47,2024-11-24,BOD,LON,17:50 – 22:50,1 escale,6h 00min,173 €,True,BOD,N/A,N/A,N/A,N/A,N/A,N/A
2024-11-19 19:28:47,2024-11-24,BOD,LON,11:10 – 15:10,1 escale,5h 00min,228 €,True,BOD,N/A,N/A,N/A,N/A,N/A,N/A
2024-11-19 19:28:47,2024-11-24,BOD,LON,18:35 – 21:25,1 escale,3h 50min,388 €,True,BOD,N/A,N/A,N/A,N/A,N/A,N/A
2024-11-19 19:28:47,2024-11-24,BOD,LON,16:40 – 22:20,1 escale,6h 40min,164 €,True,BOD,N/A,N/A,N/A,N/A,N/A,N/A
2024-11-19 19:28:47,2024-11-24,BOD,LON,18:00 – 21:40,1 escale,4h 40min,296 €,True,BOD,N/A,N/A,N/A,N/A,N/A,N/A
2024-11-19 19:28:47,2024-11-24,BOD,LON,18:00 – 22:50,1 escale,5h 50min,219 €,True,BOD,N/A,N/A,N/A,N/A,N/A,N/A
2024-11-19 19:29:41,2024-11-25,BOD,LON,06:50 – 07:30,direct,1h 40min,99 €,True,BOD,N/A,N/A,N/A,N/A,N/A,N/A
2024-11-19 19:29:41,2024-11-25,BOD,LON,06:50 – 07:30,direct,1h 40min,87 €,True,BOD,N/A,N/A,N/A,N/A,N/A,N/A
2024-11-19 19:29:41,2024-11-25,BOD,LON,11:15 – 11:55,direct,1h 40min,174 €,True,BOD,N/A,N/A,N/A,N/A,N/A,N/A
2024-11-19 19:29:41,2024-11-25,BOD,LON,15:55 – 19:15,1 escale,4h 20min,136 €,True,BOD,N/A,N/A,N/A,N/A,N/A,N/A
2024-11-19 19:29:41,2024-11-25,BOD,LON,10:40 – 16:40,1 escale,7h 00min,102 €,True,BOD,N/A,N/A,N/A,N/A,N/A,N/A
2024-11-19 19:29:41,2024-11-25,BOD,LON,18:35 – 21:25,1 escale,3h 50min,191 €,True,BOD,N/A,N/A,N/A,N/A,N/A,N/A
2024-11-19 19:29:41,2024-11-25,BOD,LON,18:30 – 22:10,1 escale,4h 40min,153 €,True,BOD,N/A,N/A,N/A,N/A,N/A,N/A
2024-11-19 19:29:41,2024-11-25,BOD,LON,06:45 – 11:10,1 escale,5h 25min,135 €,True,BOD,N/A,N/A,N/A,N/A,N/A,N/A
2024-11-19 19:29:41,2024-11-25,BOD,LON,18:00 – 20:50,1 escale,3h 50min,365 €,True,BOD,N/A,N/A,N/A,N/A,N/A,N/A
2024-11-19 19:29:41,2024-11-25,BOD,LON,13:55 – 18:45,1 escale,5h 50min,188 €,True,BOD,N/A,N/A,N/A,N/A,N/A,N/A
2024-11-19 19:29:41,2024-11-25,BOD,LON,10:40 – 15:25,1 escale,5h 45min,171 €,True,BOD,N/A,N/A,N/A,N/A,N/A,N/A
2024-11-19 19:29:41,2024-11-25,BOD,LON,07:45 – 12:10,1 escale,5h 25min,200 €,True,BOD,N/A,N/A,N/A,N/A,N/A,N/A
2024-11-19 19:29:41,2024-11-25,BOD,LON,15:25 – 20:05,1 escale,5h 40min,168 €,True,BOD,N/A,N/A,N/A,N/A,N/A,N/A
2024-11-19 19:29:41,2024-11-25,BOD,LON,15:15 – 20:20,1 escale,6h 05min,183 €,True,BOD,N/A,N/A,N/A,N/A,N/A,N/A
2024-11-19 19:29:41,2024-11-25,BOD,LON,15:25 – 19:50,1 escale,5h 25min,196 €,True,BOD,N/A,N/A,N/A,N/A,N/A,N/A
2024-11-19 19:29:41,2024-11-25,BOD,LON,15:25 – 20:00,1 escale,5h 35min,180 €,True,BOD,N/A,N/A,N/A,N/A,N/A,N/A
2024-11-19 19:29:41,2024-11-25,BOD,LON,15:25 – 20:55,1 escale,6h 30min,157 €,True,BOD,N/A,N/A,N/A,N/A,N/A,N/A
2024-11-19 19:29:41,2024-11-25,BOD,LON,06:00 – 09:00,1 escale,4h 00min,428 €,True,BOD,N/A,N/A,N/A,N/A,N/A,N/A
2024-11-19 19:29:41,2024-11-25,BOD,LON,15:15 – 20:25,1 escale,6h 10min,207 €,True,BOD,N/A,N/A,N/A,N/A,N/A,N/A
2024-11-19 19:29:41,2024-11-25,BOD,LON,15:25 – 20:55,1 escale,6h 30min,172 €,True,BOD,N/A,N/A,N/A,N/A,N/A,N/A
2024-11-19 19:29:41,2024-11-25,BOD,LON,15:55 – 21:25,1 escale,6h 30min,191 €,True,BOD,N/A,N/A,N/A,N/A,N/A,N/A
2024-11-19 19:29:41,2024-11-25,BOD,LON,09:05 – 13:30,1 escale,5h 25min,337 €,True,BOD,N/A,N/A,N/A,N/A,N/A,N/A
2024-11-19 19:29:41,2024-11-25,BOD,LON,07:15 – 13:00,1 escale,6h 45min,171 €,True,BOD,N/A,N/A,N/A,N/A,N/A,N/A
2024-11-19 19:29:41,2024-11-25,BOD,LON,15:55 – 19:35,1 escale,4h 40min,349 €,True,BOD,N/A,N/A,N/A,N/A,N/A,N/A
2024-11-19 19:29:41,2024-11-25,BOD,LON,17:55 – 21:55,1 escale,5h 00min,411 €,True,BOD,N/A,N/A,N/A,N/A,N/A,N/A
2024-11-19 19:29:41,2024-11-25,BOD,LON,15:25 – 19:10,1 escale,4h 45min,343 €,True,BOD,N/A,N/A,N/A,N/A,N/A,N/A
2024-11-19 19:29:41,2024-11-25,BOD,LON,09:25 – 13:40,1 escale,5h 15min,292 €,True,BOD,N/A,N/A,N/A,N/A,N/A,N/A
2024-11-19 19:29:41,2024-11-25,BOD,LON,15:25 – 21:00,1 escale,6h 35min,185 €,True,BOD,N/A,N/A,N/A,N/A,N/A,N/A
2024-11-19 19:29:41,2024-11-25,BOD,LON,13:55 – 20:15,1 escale,7h 20min,200 €,True,BOD,N/A,N/A,N/A,N/A,N/A,N/A
2024-11-19 19:29:41,2024-11-25,BOD,LON,15:25 – 20:40,1 escale,6h 15min,272 €,True,BOD,N/A,N/A,N/A,N/A,N/A,N/A
2024-11-19 19:29:41,2024-11-25,BOD,LON,15:25 – 20:40,1 escale,6h 15min,207 €,True,BOD,N/A,N/A,N/A,N/A,N/A,N/A
2024-11-19 19:30:28,2024-11-26,BOD,LON,07:25 – 08:05,direct,1h 40min,90 €,True,BOD,N/A,N/A,N/A,N/A,N/A,N/A
2024-11-19 19:30:28,2024-11-26,BOD,LON,07:25 – 08:05,direct,1h 40min,81 €,True,BOD,N/A,N/A,N/A,N/A,N/A,N/A
2024-11-19 19:30:28,2024-11-26,BOD,LON,20:45 – 07:10+1,1 escale,11h 25min,80 €,True,BOD,N/A,N/A,N/A,N/A,N/A,N/A
2024-11-19 19:30:28,2024-11-26,BOD,LON,18:50 – 22:15,1 escale,4h 25min,93 €,True,BOD,N/A,N/A,N/A,N/A,N/A,N/A
2024-11-19 19:30:28,2024-11-26,BOD,LON,18:00 – 20:50,1 escale,3h 50min,175 €,True,BOD,N/A,N/A,N/A,N/A,N/A,N/A
2024-11-19 19:30:28,2024-11-26,BOD,LON,06:00 – 09:00,1 escale,4h 00min,175 €,True,BOD,N/A,N/A,N/A,N/A,N/A,N/A
2024-11-19 19:30:28,2024-11-26,BOD,LON,16:55 – 22:15,1 escale,6h 20min,94 €,True,BOD,N/A,N/A,N/A,N/A,N/A,N/A
2024-11-19 19:30:28,2024-11-26,BOD,LON,09:35 – 13:50,1 escale,5h 15min,142 €,True,BOD,N/A,N/A,N/A,N/A,N/A,N/A
2024-11-19 19:30:28,2024-11-26,BOD,LON,13:35 – 16:35,1 escale,4h 00min,319 €,True,BOD,N/A,N/A,N/A,N/A,N/A,N/A
2024-11-19 19:30:28,2024-11-26,BOD,LON,14:50 – 17:50,1 escale,4h 00min,379 €,True,BOD,N/A,N/A,N/A,N/A,N/A,N/A
2024-11-19 19:30:28,2024-11-26,BOD,LON,18:25 – 22:15,1 escale,4h 50min,293 €,True,BOD,N/A,N/A,N/A,N/A,N/A,N/A
2024-11-19 19:30:28,2024-11-26,BOD,LON,14:35 – 20:50,1 escale,7h 15min,145 €,True,BOD,N/A,N/A,N/A,N/A,N/A,N/A
2024-11-19 19:30:28,2024-11-26,BOD,LON,12:30 – 16:35,1 escale,5h 05min,274 €,True,BOD,N/A,N/A,N/A,N/A,N/A,N/A
2024-11-19 19:30:28,2024-11-26,BOD,LON,17:55 – 22:10,1 escale,5h 15min,310 €,True,BOD,N/A,N/A,N/A,N/A,N/A,N/A
2024-11-19 19:30:28,2024-11-26,BOD,LON,15:55 – 21:25,1 escale,6h 30min,189 €,True,BOD,N/A,N/A,N/A,N/A,N/A,N/A
2024-11-19 19:30:28,2024-11-26,BOD,LON,15:30 – 22:10,1 escale,7h 40min,162 €,True,BOD,N/A,N/A,N/A,N/A,N/A,N/A
2024-11-19 19:31:15,2024-11-27,BOD,LON,06:50 – 07:30,direct,1h 40min,71 €,True,BOD,N/A,N/A,N/A,N/A,N/A,N/A
2024-11-19 19:31:15,2024-11-27,BOD,LON,06:50 – 07:30,direct,1h 40min,58 €,True,BOD,N/A,N/A,N/A,N/A,N/A,N/A
2024-11-19 19:31:15,2024-11-27,BOD,LON,20:20 – 21:00,direct,1h 40min,136 €,True,BOD,N/A,N/A,N/A,N/A,N/A,N/A
2024-11-19 19:31:15,2024-11-27,BOD,LON,11:58 – 18:35,1 escale,7h 37min,88 €,True,BOD,N/A,N/A,N/A,N/A,N/A,N/A
2024-11-19 19:31:15,2024-11-27,BOD,LON,06:00 – 09:00,1 escale,4h 00min,177 €,True,BOD,N/A,N/A,N/A,N/A,N/A,N/A
2024-11-19 19:31:15,2024-11-27,BOD,LON,09:35 – 14:15,1 escale,5h 40min,135 €,True,BOD,N/A,N/A,N/A,N/A,N/A,N/A
2024-11-19 19:31:15,2024-11-27,BOD,LON,15:25 – 19:30,1 escale,5h 05min,156 €,True,BOD,N/A,N/A,N/A,N/A,N/A,N/A
2024-11-19 19:31:15,2024-11-27,BOD,LON,18:35 – 21:25,1 escale,3h 50min,261 €,True,BOD,N/A,N/A,N/A,N/A,N/A,N/A
2024-11-19 19:31:15,2024-11-27,BOD,LON,15:25 – 21:00,1 escale,6h 35min,140 €,True,BOD,N/A,N/A,N/A,N/A,N/A,N/A
2024-11-19 19:31:15,2024-11-27,BOD,LON,15:25 – 19:00,1 escale,4h 35min,214 €,True,BOD,N/A,N/A,N/A,N/A,N/A,N/A
2024-11-19 19:31:15,2024-11-27,BOD,LON,06:00 – 10:45,1 escale,5h 45min,177 €,True,BOD,N/A,N/A,N/A,N/A,N/A,N/A
2024-11-19 19:31:15,2024-11-27,BOD,LON,17:55 – 22:00,1 escale,5h 05min,229 €,True,BOD,N/A,N/A,N/A,N/A,N/A,N/A
2024-11-19 19:31:15,2024-11-27,BOD,LON,18:25 – 22:15,1 escale,4h 50min,295 €,True,BOD,N/A,N/A,N/A,N/A,N/A,N/A
2024-11-19 19:31:15,2024-11-27,BOD,LON,17:55 – 22:25,1 escale,5h 30min,195 €,True,BOD,N/A,N/A,N/A,N/A,N/A,N/A
2024-11-19 19:31:15,2024-11-27,BOD,LON,12:35 – 17:15,1 escale,5h 40min,213 €,True,BOD,N/A,N/A,N/A,N/A,N/A,N/A
2024-11-19 19:31:15,2024-11-27,BOD,LON,12:35 – 17:15,1 escale,5h 40min,213 €,True,BOD,N/A,N/A,N/A,N/A,N/A,N/A
2024-11-19 19:32:02,2024-11-28,BOD,LON,13:35 – 18:45,1 escale,6h 10min,122 €,True,BOD,N/A,N/A,N/A,N/A,N/A,N/A
2024-11-19 19:32:02,2024-11-28,BOD,LON,20:35 – 21:15,direct,1h 40min,282 €,True,BOD,N/A,N/A,N/A,N/A,N/A,N/A
2024-11-19 19:32:02,2024-11-28,BOD,LON,08:41 – 14:25,1 escale,6h 44min,116 €,True,BOD,N/A,N/A,N/A,N/A,N/A,N/A
2024-11-19 19:32:02,2024-11-28,BOD,LON,13:35 – 18:45,1 escale,6h 10min,121 €,True,BOD,N/A,N/A,N/A,N/A,N/A,N/A
2024-11-19 19:32:02,2024-11-28,BOD,LON,09:05 – 12:15,1 escale,4h 10min,153 €,True,BOD,N/A,N/A,N/A,N/A,N/A,N/A
2024-11-19 19:32:02,2024-11-28,BOD,LON,07:15 – 10:40,1 escale,4h 25min,154 €,True,BOD,N/A,N/A,N/A,N/A,N/A,N/A
2024-11-19 19:32:02,2024-11-28,BOD,LON,15:45 – 19:15,1 escale,4h 30min,163 €,True,BOD,N/A,N/A,N/A,N/A,N/A,N/A
2024-11-19 19:32:02,2024-11-28,BOD,LON,17:55 – 21:55,1 escale,5h 00min,204 €,True,BOD,N/A,N/A,N/A,N/A,N/A,N/A
2024-11-19 19:32:02,2024-11-28,BOD,LON,15:45 – 21:15,1 escale,6h 30min,138 €,True,BOD,N/A,N/A,N/A,N/A,N/A,N/A
2024-11-19 19:32:02,2024-11-28,BOD,LON,13:35 – 20:15,1 escale,7h 40min,130 €,True,BOD,N/A,N/A,N/A,N/A,N/A,N/A
2024-11-19 19:32:02,2024-11-28,BOD,LON,18:35 – 21:25,1 escale,3h 50min,303 €,True,BOD,N/A,N/A,N/A,N/A,N/A,N/A
2024-11-19 19:32:02,2024-11-28,BOD,LON,17:00 – 21:45,1 escale,5h 45min,181 €,True,BOD,N/A,N/A,N/A,N/A,N/A,N/A
2024-11-19 19:32:02,2024-11-28,BOD,LON,17:55 – 21:55,1 escale,5h 00min,254 €,True,BOD,N/A,N/A,N/A,N/A,N/A,N/A
2024-11-19 19:32:02,2024-11-28,BOD,LON,13:35 – 18:45,1 escale,6h 10min,178 €,True,BOD,N/A,N/A,N/A,N/A,N/A,N/A
2024-11-19 19:32:02,2024-11-28,BOD,LON,13:35 – 20:05,1 escale,7h 30min,146 €,True,BOD,N/A,N/A,N/A,N/A,N/A,N/A
2024-11-19 19:32:02,2024-11-28,BOD,LON,09:05 – 13:50,1 escale,5h 45min,205 €,True,BOD,N/A,N/A,N/A,N/A,N/A,N/A
2024-11-19 19:32:48,2024-11-29,BOD,LON,13:55 – 14:35,direct,1h 40min,260 €,True,BOD,N/A,N/A,N/A,N/A,N/A,N/A
2024-11-19 19:32:48,2024-11-29,BOD,LON,13:55 – 14:35,direct,1h 40min,230 €,True,BOD,N/A,N/A,N/A,N/A,N/A,N/A
2024-11-19 19:32:48,2024-11-29,BOD,LON,08:41 – 14:25,1 escale,6h 44min,134 €,True,BOD,N/A,N/A,N/A,N/A,N/A,N/A
2024-11-19 19:32:48,2024-11-29,BOD,LON,20:40 – 21:20,direct,1h 40min,263 €,True,BOD,N/A,N/A,N/A,N/A,N/A,N/A
2024-11-19 19:32:48,2024-11-29,BOD,LON,09:45 – 13:50,1 escale,5h 05min,137 €,True,BOD,N/A,N/A,N/A,N/A,N/A,N/A
2024-11-19 19:32:48,2024-11-29,BOD,LON,09:45 – 13:40,1 escale,4h 55min,177 €,True,BOD,N/A,N/A,N/A,N/A,N/A,N/A
2024-11-19 19:32:48,2024-11-29,BOD,LON,09:45 – 15:45,1 escale,7h 00min,149 €,True,BOD,N/A,N/A,N/A,N/A,N/A,N/A
2024-11-19 19:32:48,2024-11-29,BOD,LON,16:20 – 19:05,1 escale,3h 45min,223 €,True,BOD,N/A,N/A,N/A,N/A,N/A,N/A
2024-11-19 19:32:48,2024-11-29,BOD,LON,09:45 – 15:40,1 escale,6h 55min,158 €,True,BOD,N/A,N/A,N/A,N/A,N/A,N/A
2024-11-19 19:32:48,2024-11-29,BOD,LON,18:35 – 21:25,1 escale,3h 50min,298 €,True,BOD,N/A,N/A,N/A,N/A,N/A,N/A
2024-11-19 19:32:48,2024-11-29,BOD,LON,17:45 – 22:10,1 escale,5h 25min,200 €,True,BOD,N/A,N/A,N/A,N/A,N/A,N/A
2024-11-19 19:32:48,2024-11-29,BOD,LON,12:50 – 17:55,1 escale,6h 05min,191 €,True,BOD,N/A,N/A,N/A,N/A,N/A,N/A
2024-11-19 19:32:48,2024-11-29,BOD,LON,17:55 – 22:15,1 escale,5h 20min,240 €,True,BOD,N/A,N/A,N/A,N/A,N/A,N/A
2024-11-19 19:32:48,2024-11-29,BOD,LON,08:30 – 13:50,1 escale,6h 20min,202 €,True,BOD,N/A,N/A,N/A,N/A,N/A,N/A
2024-11-19 19:32:48,2024-11-29,BOD,LON,15:25 – 19:50,1 escale,5h 25min,242 €,True,BOD,N/A,N/A,N/A,N/A,N/A,N/A
2024-11-19 19:32:48,2024-11-29,BOD,LON,16:20 – 22:15,1 escale,6h 55min,190 €,True,BOD,N/A,N/A,N/A,N/A,N/A,N/A
2024-11-19 19:33:42,2024-11-30,BOD,LON,07:00 – 07:40,direct,1h 40min,139 €,True,BOD,N/A,N/A,N/A,N/A,N/A,N/A
2024-11-19 19:33:42,2024-11-30,BOD,LON,15:30 – 08:35+1,1 escale,18h 05min,85 €,True,BOD,N/A,N/A,N/A,N/A,N/A,N/A
2024-11-19 19:33:42,2024-11-30,BOD,LON,08:50 – 12:10,1 escale,4h 20min,163 €,True,BOD,N/A,N/A,N/A,N/A,N/A,N/A
2024-11-19 19:33:42,2024-11-30,BOD,LON,15:30 – 21:50,1 escale,7h 20min,110 €,True,BOD,N/A,N/A,N/A,N/A,N/A,N/A
2024-11-19 19:33:42,2024-11-30,BOD,LON,07:40 – 11:15,1 escale,4h 35min,169 €,True,BOD,N/A,N/A,N/A,N/A,N/A,N/A
2024-11-19 19:33:42,2024-11-30,BOD,LON,13:20 – 16:35,1 escale,4h 15min,203 €,True,BOD,N/A,N/A,N/A,N/A,N/A,N/A
2024-11-19 19:33:42,2024-11-30,BOD,LON,14:45 – 18:20,1 escale,4h 35min,212 €,True,BOD,N/A,N/A,N/A,N/A,N/A,N/A
2024-11-19 19:33:42,2024-11-30,BOD,LON,20:45 – 07:20+1,1 escale,11h 35min,90 €,True,BOD,N/A,N/A,N/A,N/A,N/A,N/A
2024-11-19 19:33:42,2024-11-30,BOD,LON,06:30 – 14:45,1 escale,9h 15min,102 €,True,BOD,N/A,N/A,N/A,N/A,N/A,N/A
2024-11-19 19:33:42,2024-11-30,BOD,LON,08:50 – 13:40,1 escale,5h 50min,169 €,True,BOD,N/A,N/A,N/A,N/A,N/A,N/A
2024-11-19 19:33:42,2024-11-30,BOD,LON,08:50 – 13:50,1 escale,6h 00min,166 €,True,BOD,N/A,N/A,N/A,N/A,N/A,N/A
2024-11-19 19:33:42,2024-11-30,BOD,LON,14:40 – 17:50,1 escale,4h 10min,305 €,True,BOD,N/A,N/A,N/A,N/A,N/A,N/A
2024-11-19 19:33:42,2024-11-30,BOD,LON,13:20 – 18:20,1 escale,6h 00min,212 €,True,BOD,N/A,N/A,N/A,N/A,N/A,N/A
2024-11-19 19:33:42,2024-11-30,BOD,LON,14:40 – 17:50,1 escale,4h 10min,305 €,True,BOD,N/A,N/A,N/A,N/A,N/A,N/A
2024-11-19 19:33:42,2024-11-30,BOD,LON,17:55 – 23:15,1 escale,6h 20min,184 €,True,BOD,N/A,N/A,N/A,N/A,N/A,N/A
2024-11-19 19:33:42,2024-11-30,BOD,LON,17:55 – 23:15,1 escale,6h 20min,185 €,True,BOD,N/A,N/A,N/A,N/A,N/A,N/A
2024-11-19 19:33:42,2024-11-30,BOD,LON,08:50 – 13:15,1 escale,5h 25min,242 €,True,BOD,N/A,N/A,N/A,N/A,N/A,N/A
2024-11-19 19:33:42,2024-11-30,BOD,LON,12:30 – 17:00,1 escale,5h 30min,276 €,True,BOD,N/A,N/A,N/A,N/A,N/A,N/A
2024-11-19 19:33:42,2024-11-30,BOD,LON,14:40 – 19:15,1 escale,5h 35min,293 €,True,BOD,N/A,N/A,N/A,N/A,N/A,N/A
2024-11-19 19:33:42,2024-11-30,BOD,LON,14:45 – 21:25,1 escale,7h 40min,216 €,True,BOD,N/A,N/A,N/A,N/A,N/A,N/A
2024-11-19 19:33:42,2024-11-30,BOD,LON,07:40 – 13:10,1 escale,6h 30min,241 €,True,BOD,N/A,N/A,N/A,N/A,N/A,N/A
2024-11-19 19:33:42,2024-11-30,BOD,LON,11:35 – 17:00,1 escale,6h 25min,314 €,True,BOD,N/A,N/A,N/A,N/A,N/A,N/A
2024-11-19 19:33:42,2024-11-30,BOD,LON,09:05 – 14:55,1 escale,6h 50min,242 €,True,BOD,N/A,N/A,N/A,N/A,N/A,N/A
2024-11-19 19:33:42,2024-11-30,BOD,LON,07:40 – 14:35,1 escale,7h 55min,216 €,True,BOD,N/A,N/A,N/A,N/A,N/A,N/A
2024-11-19 19:33:42,2024-11-30,BOD,LON,14:45 – 19:25,1 escale,5h 40min,406 €,True,BOD,N/A,N/A,N/A,N/A,N/A,N/A
2024-11-19 19:33:42,2024-11-30,BOD,LON,06:00 – 10:30,1 escale,5h 30min,437 €,True,BOD,N/A,N/A,N/A,N/A,N/A,N/A
2024-11-19 19:33:42,2024-11-30,BOD,LON,09:05 – 14:55,1 escale,6h 50min,315 €,True,BOD,N/A,N/A,N/A,N/A,N/A,N/A
2024-11-19 19:33:42,2024-11-30,BOD,LON,10:05 – 15:10,1 escale,6h 05min,436 €,True,BOD,N/A,N/A,N/A,N/A,N/A,N/A
2024-11-19 19:33:42,2024-11-30,BOD,LON,09:05 – 15:20,1 escale,7h 15min,330 €,True,BOD,N/A,N/A,N/A,N/A,N/A,N/A
2024-11-19 19:33:42,2024-11-30,BOD,LON,10:40 – 13:45,1 escale,4h 05min,612 €,True,BOD,N/A,N/A,N/A,N/A,N/A,N/A
2024-11-19 19:33:42,2024-11-30,BOD,LON,10:40 – 16:35,1 escale,6h 55min,445 €,True,BOD,N/A,N/A,N/A,N/A,N/A,N/A
2024-11-19 19:34:29,2024-12-01,BOD,LON,21:15 – 21:55,direct,1h 40min,211 €,True,BOD,N/A,N/A,N/A,N/A,N/A,N/A
2024-11-19 19:34:29,2024-12-01,BOD,LON,21:15 – 21:55,direct,1h 40min,210 €,True,BOD,N/A,N/A,N/A,N/A,N/A,N/A
2024-11-19 19:34:29,2024-12-01,BOD,LON,07:15 – 11:20,1 escale,5h 05min,93 €,True,BOD,N/A,N/A,N/A,N/A,N/A,N/A
2024-11-19 19:34:29,2024-12-01,BOD,LON,18:15 – 19:00,direct,1h 45min,275 €,True,BOD,N/A,N/A,N/A,N/A,N/A,N/A
2024-11-19 19:34:29,2024-12-01,BOD,LON,18:00 – 22:15,1 escale,5h 15min,121 €,True,BOD,N/A,N/A,N/A,N/A,N/A,N/A
2024-11-19 19:34:29,2024-12-01,BOD,LON,18:45 – 22:25,1 escale,4h 40min,152 €,True,BOD,N/A,N/A,N/A,N/A,N/A,N/A
2024-11-19 19:34:29,2024-12-01,BOD,LON,18:00 – 22:10,1 escale,5h 10min,140 €,True,BOD,N/A,N/A,N/A,N/A,N/A,N/A
2024-11-19 19:34:29,2024-12-01,BOD,LON,11:10 – 14:40,1 escale,4h 30min,189 €,True,BOD,N/A,N/A,N/A,N/A,N/A,N/A
2024-11-19 19:34:29,2024-12-01,BOD,LON,11:10 – 15:10,1 escale,5h 00min,180 €,True,BOD,N/A,N/A,N/A,N/A,N/A,N/A
2024-11-19 19:34:29,2024-12-01,BOD,LON,14:20 – 20:15,1 escale,6h 55min,144 €,True,BOD,N/A,N/A,N/A,N/A,N/A,N/A
2024-11-19 19:34:29,2024-12-01,BOD,LON,18:45 – 22:40,1 escale,4h 55min,215 €,True,BOD,N/A,N/A,N/A,N/A,N/A,N/A
2024-11-19 19:34:29,2024-12-01,BOD,LON,18:00 – 21:40,1 escale,4h 40min,252 €,True,BOD,N/A,N/A,N/A,N/A,N/A,N/A
2024-11-19 19:34:29,2024-12-01,BOD,LON,10:45 – 16:20,1 escale,6h 35min,175 €,True,BOD,N/A,N/A,N/A,N/A,N/A,N/A
2024-11-19 19:34:29,2024-12-01,BOD,LON,17:50 – 22:35,1 escale,5h 45min,232 €,True,BOD,N/A,N/A,N/A,N/A,N/A,N/A
2024-11-19 19:34:29,2024-12-01,BOD,LON,17:50 – 22:50,1 escale,6h 00min,184 €,True,BOD,N/A,N/A,N/A,N/A,N/A,N/A
2024-11-19 19:34:29,2024-12-01,BOD,LON,16:40 – 21:40,1 escale,6h 00min,197 €,True,BOD,N/A,N/A,N/A,N/A,N/A,N/A
2024-11-19 19:35:16,2024-12-02,BOD,LON,18:10 – 18:55,direct,1h 45min,113 €,True,BOD,N/A,N/A,N/A,N/A,N/A,N/A
2024-11-19 19:35:16,2024-12-02,BOD,LON,18:10 – 18:55,direct,1h 45min,109 €,True,BOD,N/A,N/A,N/A,N/A,N/A,N/A
2024-11-19 19:35:16,2024-12-02,BOD,LON,20:45 – 07:30+1,1 escale,11h 45min,84 €,True,BOD,N/A,N/A,N/A,N/A,N/A,N/A
2024-11-19 19:35:16,2024-12-02,BOD,LON,11:15 – 11:55,direct,1h 40min,248 €,True,BOD,N/A,N/A,N/A,N/A,N/A,N/A
2024-11-19 19:35:16,2024-12-02,BOD,LON,10:40 – 16:40,1 escale,7h 00min,89 €,True,BOD,N/A,N/A,N/A,N/A,N/A,N/A
2024-11-19 19:35:16,2024-12-02,BOD,LON,15:55 – 19:15,1 escale,4h 20min,129 €,True,BOD,N/A,N/A,N/A,N/A,N/A,N/A
2024-11-19 19:35:16,2024-12-02,BOD,LON,10:40 – 15:25,1 escale,5h 45min,114 €,True,BOD,N/A,N/A,N/A,N/A,N/A,N/A
2024-11-19 19:35:16,2024-12-02,BOD,LON,18:30 – 22:10,1 escale,4h 40min,149 €,True,BOD,N/A,N/A,N/A,N/A,N/A,N/A
2024-11-19 19:35:16,2024-12-02,BOD,LON,18:35 – 21:25,1 escale,3h 50min,207 €,True,BOD,N/A,N/A,N/A,N/A,N/A,N/A
2024-11-19 19:35:16,2024-12-02,BOD,LON,15:25 – 20:05,1 escale,5h 40min,131 €,True,BOD,N/A,N/A,N/A,N/A,N/A,N/A
2024-11-19 19:35:16,2024-12-02,BOD,LON,18:00 – 20:50,1 escale,3h 50min,251 €,True,BOD,N/A,N/A,N/A,N/A,N/A,N/A
2024-11-19 19:35:16,2024-12-02,BOD,LON,15:15 – 20:20,1 escale,6h 05min,146 €,True,BOD,N/A,N/A,N/A,N/A,N/A,N/A
2024-11-19 19:35:16,2024-12-02,BOD,LON,15:25 – 20:00,1 escale,5h 35min,150 €,True,BOD,N/A,N/A,N/A,N/A,N/A,N/A
2024-11-19 19:35:16,2024-12-02,BOD,LON,15:25 – 19:50,1 escale,5h 25min,158 €,True,BOD,N/A,N/A,N/A,N/A,N/A,N/A
2024-11-19 19:35:16,2024-12-02,BOD,LON,15:25 – 20:55,1 escale,6h 30min,133 €,True,BOD,N/A,N/A,N/A,N/A,N/A,N/A
2024-11-19 19:35:16,2024-12-02,BOD,LON,15:15 – 20:25,1 escale,6h 10min,160 €,True,BOD,N/A,N/A,N/A,N/A,N/A,N/A
2024-11-19 19:35:16,2024-12-02,BOD,LON,18:25 – 22:15,1 escale,4h 50min,247 €,True,BOD,N/A,N/A,N/A,N/A,N/A,N/A
2024-11-19 19:36:02,2024-12-03,BOD,LON,07:25 – 08:05,direct,1h 40min,73 €,True,BOD,N/A,N/A,N/A,N/A,N/A,N/A
2024-11-19 19:36:02,2024-12-03,BOD,LON,07:25 – 08:05,direct,1h 40min,60 €,True,BOD,N/A,N/A,N/A,N/A,N/A,N/A
2024-11-19 19:36:02,2024-12-03,BOD,LON,18:50 – 22:15,1 escale,4h 25min,59 €,True,BOD,N/A,N/A,N/A,N/A,N/A,N/A
2024-11-19 19:36:02,2024-12-03,BOD,LON,18:00 – 20:50,1 escale,3h 50min,143 €,True,BOD,N/A,N/A,N/A,N/A,N/A,N/A
2024-11-19 19:36:02,2024-12-03,BOD,LON,06:00 – 09:00,1 escale,4h 00min,143 €,True,BOD,N/A,N/A,N/A,N/A,N/A,N/A
2024-11-19 19:36:02,2024-12-03,BOD,LON,09:35 – 13:50,1 escale,5h 15min,118 €,True,BOD,N/A,N/A,N/A,N/A,N/A,N/A
2024-11-19 19:36:02,2024-12-03,BOD,LON,12:30 – 16:05,1 escale,4h 35min,143 €,True,BOD,N/A,N/A,N/A,N/A,N/A,N/A
2024-11-19 19:36:02,2024-12-03,BOD,LON,19:05 – 22:30,1 escale,4h 25min,177 €,True,BOD,N/A,N/A,N/A,N/A,N/A,N/A
2024-11-19 19:36:02,2024-12-03,BOD,LON,12:30 – 16:35,1 escale,5h 05min,161 €,True,BOD,N/A,N/A,N/A,N/A,N/A,N/A
2024-11-19 19:36:02,2024-12-03,BOD,LON,16:55 – 22:15,1 escale,6h 20min,80 €,True,BOD,N/A,N/A,N/A,N/A,N/A,N/A
2024-11-19 19:36:02,2024-12-03,BOD,LON,12:30 – 17:00,1 escale,5h 30min,143 €,True,BOD,N/A,N/A,N/A,N/A,N/A,N/A
2024-11-19 19:36:02,2024-12-03,BOD,LON,14:50 – 17:50,1 escale,4h 00min,246 €,True,BOD,N/A,N/A,N/A,N/A,N/A,N/A
2024-11-19 19:36:02,2024-12-03,BOD,LON,06:00 – 10:45,1 escale,5h 45min,143 €,True,BOD,N/A,N/A,N/A,N/A,N/A,N/A
2024-11-19 19:36:02,2024-12-03,BOD,LON,12:30 – 17:25,1 escale,5h 55min,161 €,True,BOD,N/A,N/A,N/A,N/A,N/A,N/A
2024-11-19 19:36:02,2024-12-03,BOD,LON,18:25 – 22:15,1 escale,4h 50min,247 €,True,BOD,N/A,N/A,N/A,N/A,N/A,N/A
2024-11-19 19:36:02,2024-12-03,BOD,LON,06:05 – 12:05,1 escale,7h 00min,111 €,True,BOD,N/A,N/A,N/A,N/A,N/A,N/A
2024-11-19 19:36:49,2024-12-04,BOD,LON,20:20 – 21:00,direct,1h 40min,80 €,True,BOD,N/A,N/A,N/A,N/A,N/A,N/A
2024-11-19 19:36:49,2024-12-04,BOD,LON,20:20 – 21:00,direct,1h 40min,58 €,True,BOD,N/A,N/A,N/A,N/A,N/A,N/A
2024-11-19 19:36:49,2024-12-04,BOD,LON,06:50 – 07:30,direct,1h 40min,60 €,True,BOD,N/A,N/A,N/A,N/A,N/A,N/A
2024-11-19 19:36:49,2024-12-04,BOD,LON,11:20 – 16:10,1 escale,5h 50min,71 €,True,BOD,N/A,N/A,N/A,N/A,N/A,N/A
2024-11-19 19:36:49,2024-12-04,BOD,LON,18:00 – 20:50,1 escale,3h 50min,130 €,True,BOD,N/A,N/A,N/A,N/A,N/A,N/A
2024-11-19 19:36:49,2024-12-04,BOD,LON,16:40 – 22:35,1 escale,6h 55min,73 €,True,BOD,N/A,N/A,N/A,N/A,N/A,N/A
2024-11-19 19:36:49,2024-12-04,BOD,LON,06:00 – 09:00,1 escale,4h 00min,130 €,True,BOD,N/A,N/A,N/A,N/A,N/A,N/A
2024-11-19 19:36:49,2024-12-04,BOD,LON,15:25 – 19:30,1 escale,5h 05min,99 €,True,BOD,N/A,N/A,N/A,N/A,N/A,N/A
2024-11-19 19:36:49,2024-12-04,BOD,LON,09:35 – 14:15,1 escale,5h 40min,103 €,True,BOD,N/A,N/A,N/A,N/A,N/A,N/A
2024-11-19 19:36:49,2024-12-04,BOD,LON,12:30 – 16:05,1 escale,4h 35min,130 €,True,BOD,N/A,N/A,N/A,N/A,N/A,N/A
2024-11-19 19:36:49,2024-12-04,BOD,LON,18:35 – 21:25,1 escale,3h 50min,167 €,True,BOD,N/A,N/A,N/A,N/A,N/A,N/A
2024-11-19 19:36:49,2024-12-04,BOD,LON,11:58 – 17:35,1 changement,6h 37min,105 €,True,BOD,N/A,N/A,N/A,N/A,N/A,N/A
2024-11-19 19:36:49,2024-12-04,BOD,LON,06:00 – 08:50,1 escale,3h 50min,192 €,True,BOD,N/A,N/A,N/A,N/A,N/A,N/A
2024-11-19 19:36:49,2024-12-04,BOD,LON,15:25 – 21:05,1 escale,6h 40min,99 €,True,BOD,N/A,N/A,N/A,N/A,N/A,N/A
2024-11-19 19:36:49,2024-12-04,BOD,LON,12:30 – 17:00,1 escale,5h 30min,130 €,True,BOD,N/A,N/A,N/A,N/A,N/A,N/A
2024-11-19 19:36:49,2024-12-04,BOD,LON,15:25 – 19:50,1 escale,5h 25min,123 €,True,BOD,N/A,N/A,N/A,N/A,N/A,N/A
2024-11-19 19:37:35,2024-12-05,BOD,LON,06:50 – 07:30,direct,1h 40min,74 €,True,BOD,N/A,N/A,N/A,N/A,N/A,N/A
2024-11-19 19:37:35,2024-12-05,BOD,LON,20:35 – 21:15,direct,1h 40min,141 €,True,BOD,N/A,N/A,N/A,N/A,N/A,N/A
2024-11-19 19:37:35,2024-12-05,BOD,LON,07:00 – 11:15,1 escale,5h 15min,117 €,True,BOD,N/A,N/A,N/A,N/A,N/A,N/A
2024-11-19 19:37:35,2024-12-05,BOD,LON,18:35 – 21:25,1 escale,3h 50min,155 €,True,BOD,N/A,N/A,N/A,N/A,N/A,N/A
2024-11-19 19:37:35,2024-12-05,BOD,LON,17:00 – 21:45,1 escale,5h 45min,119 €,True,BOD,N/A,N/A,N/A,N/A,N/A,N/A
2024-11-19 19:37:35,2024-12-05,BOD,LON,15:45 – 19:15,1 escale,4h 30min,154 €,True,BOD,N/A,N/A,N/A,N/A,N/A,N/A
2024-11-19 19:37:35,2024-12-05,BOD,LON,15:25 – 19:50,1 escale,5h 25min,139 €,True,BOD,N/A,N/A,N/A,N/A,N/A,N/A
2024-11-19 19:37:35,2024-12-05,BOD,LON,12:30 – 16:35,1 escale,5h 05min,157 €,True,BOD,N/A,N/A,N/A,N/A,N/A,N/A
2024-11-19 19:37:35,2024-12-05,BOD,LON,15:55 – 21:25,1 escale,6h 30min,137 €,True,BOD,N/A,N/A,N/A,N/A,N/A,N/A
2024-11-19 19:37:35,2024-12-05,BOD,LON,08:41 – 14:25,1 escale,6h 44min,111 €,True,BOD,N/A,N/A,N/A,N/A,N/A,N/A
2024-11-19 19:37:35,2024-12-05,BOD,LON,09:05 – 12:15,1 escale,4h 10min,174 €,True,BOD,N/A,N/A,N/A,N/A,N/A,N/A
2024-11-19 19:37:35,2024-12-05,BOD,LON,12:30 – 16:05,1 escale,4h 35min,187 €,True,BOD,N/A,N/A,N/A,N/A,N/A,N/A
2024-11-19 19:37:35,2024-12-05,BOD,LON,06:00 – 09:00,1 escale,4h 00min,252 €,True,BOD,N/A,N/A,N/A,N/A,N/A,N/A
2024-11-19 19:37:35,2024-12-05,BOD,LON,18:30 – 22:15,1 escale,4h 45min,214 €,True,BOD,N/A,N/A,N/A,N/A,N/A,N/A
2024-11-19 19:37:35,2024-12-05,BOD,LON,13:50 – 17:50,1 escale,5h 00min,181 €,True,BOD,N/A,N/A,N/A,N/A,N/A,N/A
2024-11-19 19:38:22,2024-12-06,BOD,LON,20:40 – 21:20,direct,1h 40min,97 €,True,BOD,N/A,N/A,N/A,N/A,N/A,N/A
2024-11-19 19:38:22,2024-12-06,BOD,LON,20:40 – 21:20,direct,1h 40min,84 €,True,BOD,N/A,N/A,N/A,N/A,N/A,N/A
2024-11-19 19:38:22,2024-12-06,BOD,LON,06:50 – 07:30,direct,1h 40min,96 €,True,BOD,N/A,N/A,N/A,N/A,N/A,N/A
2024-11-19 19:38:22,2024-12-06,BOD,LON,13:55 – 14:35,direct,1h 40min,145 €,True,BOD,N/A,N/A,N/A,N/A,N/A,N/A
2024-11-19 19:38:22,2024-12-06,BOD,LON,09:45 – 13:50,1 escale,5h 05min,151 €,True,BOD,N/A,N/A,N/A,N/A,N/A,N/A
2024-11-19 19:38:22,2024-12-06,BOD,LON,18:35 – 21:25,1 escale,3h 50min,220 €,True,BOD,N/A,N/A,N/A,N/A,N/A,N/A
2024-11-19 19:38:22,2024-12-06,BOD,LON,12:50 – 17:55,1 escale,6h 05min,145 €,True,BOD,N/A,N/A,N/A,N/A,N/A,N/A
2024-11-19 19:38:22,2024-12-06,BOD,LON,08:41 – 14:25,1 escale,6h 44min,134 €,True,BOD,N/A,N/A,N/A,N/A,N/A,N/A
2024-11-19 19:38:22,2024-12-06,BOD,LON,09:45 – 13:40,1 escale,4h 55min,177 €,True,BOD,N/A,N/A,N/A,N/A,N/A,N/A
2024-11-19 19:38:22,2024-12-06,BOD,LON,16:20 – 19:05,1 escale,3h 45min,217 €,True,BOD,N/A,N/A,N/A,N/A,N/A,N/A
2024-11-19 19:38:22,2024-12-06,BOD,LON,09:45 – 15:45,1 escale,7h 00min,144 €,True,BOD,N/A,N/A,N/A,N/A,N/A,N/A
2024-11-19 19:38:22,2024-12-06,BOD,LON,17:55 – 21:45,1 escale,4h 50min,235 €,True,BOD,N/A,N/A,N/A,N/A,N/A,N/A
2024-11-19 19:38:22,2024-12-06,BOD,LON,15:25 – 19:50,1 escale,5h 25min,175 €,True,BOD,N/A,N/A,N/A,N/A,N/A,N/A
2024-11-19 19:38:22,2024-12-06,BOD,LON,18:15 – 23:50,1 escale,6h 35min,155 €,True,BOD,N/A,N/A,N/A,N/A,N/A,N/A
2024-11-19 19:38:22,2024-12-06,BOD,LON,17:55 – 22:15,1 escale,5h 20min,205 €,True,BOD,N/A,N/A,N/A,N/A,N/A,N/A
2024-11-19 19:38:22,2024-12-06,BOD,LON,15:25 – 20:15,1 escale,5h 50min,175 €,True,BOD,N/A,N/A,N/A,N/A,N/A,N/A
2024-11-19 19:39:09,2024-12-07,BOD,LON,07:00 – 07:40,direct,1h 40min,92 €,True,BOD,N/A,N/A,N/A,N/A,N/A,N/A
2024-11-19 19:39:09,2024-12-07,BOD,LON,07:00 – 07:40,direct,1h 40min,80 €,True,BOD,N/A,N/A,N/A,N/A,N/A,N/A
2024-11-19 19:39:09,2024-12-07,BOD,LON,10:20 – 11:05,direct,1h 45min,94 €,True,BOD,N/A,N/A,N/A,N/A,N/A,N/A
2024-11-19 19:39:09,2024-12-07,BOD,LON,13:20 – 16:35,1 escale,4h 15min,128 €,True,BOD,N/A,N/A,N/A,N/A,N/A,N/A
2024-11-19 19:39:09,2024-12-07,BOD,LON,14:45 – 18:20,1 escale,4h 35min,141 €,True,BOD,N/A,N/A,N/A,N/A,N/A,N/A
2024-11-19 19:39:09,2024-12-07,BOD,LON,07:40 – 11:15,1 escale,4h 35min,130 €,True,BOD,N/A,N/A,N/A,N/A,N/A,N/A
2024-11-19 19:39:09,2024-12-07,BOD,LON,08:50 – 12:10,1 escale,4h 20min,163 €,True,BOD,N/A,N/A,N/A,N/A,N/A,N/A
2024-11-19 19:39:09,2024-12-07,BOD,LON,14:40 – 17:50,1 escale,4h 10min,204 €,True,BOD,N/A,N/A,N/A,N/A,N/A,N/A
2024-11-19 19:39:09,2024-12-07,BOD,LON,14:40 – 17:50,1 escale,4h 10min,204 €,True,BOD,N/A,N/A,N/A,N/A,N/A,N/A
2024-11-19 19:39:09,2024-12-07,BOD,LON,11:30 – 15:10,1 escale,4h 40min,170 €,True,BOD,N/A,N/A,N/A,N/A,N/A,N/A
2024-11-19 19:39:09,2024-12-07,BOD,LON,12:30 – 17:00,1 escale,5h 30min,130 €,True,BOD,N/A,N/A,N/A,N/A,N/A,N/A
2024-11-19 19:39:09,2024-12-07,BOD,LON,09:05 – 13:30,1 escale,5h 25min,166 €,True,BOD,N/A,N/A,N/A,N/A,N/A,N/A
2024-11-19 19:39:09,2024-12-07,BOD,LON,13:20 – 18:20,1 escale,6h 00min,126 €,True,BOD,N/A,N/A,N/A,N/A,N/A,N/A
2024-11-19 19:39:09,2024-12-07,BOD,LON,09:05 – 14:00,1 escale,5h 55min,166 €,True,BOD,N/A,N/A,N/A,N/A,N/A,N/A
2024-11-19 19:39:09,2024-12-07,BOD,LON,08:50 – 13:50,1 escale,6h 00min,128 €,True,BOD,N/A,N/A,N/A,N/A,N/A,N/A
2024-11-19 19:39:09,2024-12-07,BOD,LON,09:05 – 13:30,1 escale,5h 25min,201 €,True,BOD,N/A,N/A,N/A,N/A,N/A,N/A
2024-11-19 19:39:55,2024-12-08,BOD,LON,21:15 – 21:55,direct,1h 40min,94 €,True,BOD,N/A,N/A,N/A,N/A,N/A,N/A
2024-11-19 19:39:55,2024-12-08,BOD,LON,18:15 – 19:00,direct,1h 45min,113 €,True,BOD,N/A,N/A,N/A,N/A,N/A,N/A
2024-11-19 19:39:55,2024-12-08,BOD,LON,10:45 – 16:20,1 escale,6h 35min,80 €,True,BOD,N/A,N/A,N/A,N/A,N/A,N/A
2024-11-19 19:39:55,2024-12-08,BOD,LON,21:15 – 21:55,direct,1h 40min,94 €,True,BOD,N/A,N/A,N/A,N/A,N/A,N/A
2024-11-19 19:39:55,2024-12-08,BOD,LON,12:30 – 13:10,direct,1h 40min,154 €,True,BOD,N/A,N/A,N/A,N/A,N/A,N/A
2024-11-19 19:39:55,2024-12-08,BOD,LON,18:45 – 22:25,1 escale,4h 40min,107 €,True,BOD,N/A,N/A,N/A,N/A,N/A,N/A
2024-11-19 19:39:55,2024-12-08,BOD,LON,11:10 – 14:40,1 escale,4h 30min,124 €,True,BOD,N/A,N/A,N/A,N/A,N/A,N/A
2024-11-19 19:39:55,2024-12-08,BOD,LON,07:15 – 11:20,1 escale,5h 05min,93 €,True,BOD,N/A,N/A,N/A,N/A,N/A,N/A
2024-11-19 19:39:55,2024-12-08,BOD,LON,18:00 – 22:15,1 escale,5h 15min,99 €,True,BOD,N/A,N/A,N/A,N/A,N/A,N/A
2024-11-19 19:39:55,2024-12-08,BOD,LON,11:10 – 15:10,1 escale,5h 00min,116 €,True,BOD,N/A,N/A,N/A,N/A,N/A,N/A
2024-11-19 19:39:55,2024-12-08,BOD,LON,18:00 – 22:10,1 escale,5h 10min,122 €,True,BOD,N/A,N/A,N/A,N/A,N/A,N/A
2024-11-19 19:39:55,2024-12-08,BOD,LON,11:10 – 15:10,1 escale,5h 00min,132 €,True,BOD,N/A,N/A,N/A,N/A,N/A,N/A
2024-11-19 19:39:55,2024-12-08,BOD,LON,18:35 – 21:25,1 escale,3h 50min,261 €,True,BOD,N/A,N/A,N/A,N/A,N/A,N/A
2024-11-19 19:39:55,2024-12-08,BOD,LON,14:55 – 18:35,1 escale,4h 40min,223 €,True,BOD,N/A,N/A,N/A,N/A,N/A,N/A
2024-11-19 19:39:55,2024-12-08,BOD,LON,18:00 – 21:40,1 escale,4h 40min,187 €,True,BOD,N/A,N/A,N/A,N/A,N/A,N/A
2024-11-19 19:39:55,2024-12-08,BOD,LON,18:30 – 22:15,1 escale,4h 45min,246 €,True,BOD,N/A,N/A,N/A,N/A,N/A,N/A
2024-11-19 19:40:42,2024-12-09,BOD,LON,18:10 – 18:55,direct,1h 45min,105 €,True,BOD,N/A,N/A,N/A,N/A,N/A,N/A
2024-11-19 19:40:42,2024-12-09,BOD,LON,18:10 – 18:55,direct,1h 45min,93 €,True,BOD,N/A,N/A,N/A,N/A,N/A,N/A
2024-11-19 19:40:42,2024-12-09,BOD,LON,09:25 – 15:05,1 escale,6h 40min,70 €,True,BOD,N/A,N/A,N/A,N/A,N/A,N/A
2024-11-19 19:40:42,2024-12-09,BOD,LON,06:50 – 07:30,direct,1h 40min,105 €,True,BOD,N/A,N/A,N/A,N/A,N/A,N/A
2024-11-19 19:40:42,2024-12-09,BOD,LON,10:55 – 11:35,direct,1h 40min,176 €,True,BOD,N/A,N/A,N/A,N/A,N/A,N/A
2024-11-19 19:40:42,2024-12-09,BOD,LON,18:30 – 22:10,1 escale,4h 40min,98 €,True,BOD,N/A,N/A,N/A,N/A,N/A,N/A
2024-11-19 19:40:42,2024-12-09,BOD,LON,15:55 – 19:05,1 escale,4h 10min,105 €,True,BOD,N/A,N/A,N/A,N/A,N/A,N/A
2024-11-19 19:40:42,2024-12-09,BOD,LON,18:35 – 21:25,1 escale,3h 50min,122 €,True,BOD,N/A,N/A,N/A,N/A,N/A,N/A
2024-11-19 19:40:42,2024-12-09,BOD,LON,08:40 – 11:30,1 escale,3h 50min,122 €,True,BOD,N/A,N/A,N/A,N/A,N/A,N/A
2024-11-19 19:40:42,2024-12-09,BOD,LON,15:25 – 20:00,1 escale,5h 35min,97 €,True,BOD,N/A,N/A,N/A,N/A,N/A,N/A
2024-11-19 19:40:42,2024-12-09,BOD,LON,15:50 – 21:20,1 escale,6h 30min,87 €,True,BOD,N/A,N/A,N/A,N/A,N/A,N/A
2024-11-19 19:40:42,2024-12-09,BOD,LON,16:00 – 21:25,1 escale,6h 25min,93 €,True,BOD,N/A,N/A,N/A,N/A,N/A,N/A
2024-11-19 19:40:42,2024-12-09,BOD,LON,10:40 – 16:40,1 escale,7h 00min,85 €,True,BOD,N/A,N/A,N/A,N/A,N/A,N/A
2024-11-19 19:40:42,2024-12-09,BOD,LON,15:50 – 19:25,1 escale,4h 35min,118 €,True,BOD,N/A,N/A,N/A,N/A,N/A,N/A
2024-11-19 19:40:42,2024-12-09,BOD,LON,06:00 – 09:00,1 escale,4h 00min,168 €,True,BOD,N/A,N/A,N/A,N/A,N/A,N/A
2024-11-19 19:40:42,2024-12-09,BOD,LON,15:25 – 20:05,1 escale,5h 40min,102 €,True,BOD,N/A,N/A,N/A,N/A,N/A,N/A
2024-11-19 19:41:29,2024-12-10,BOD,LON,19:35 – 20:20,direct,1h 45min,49 €,True,BOD,N/A,N/A,N/A,N/A,N/A,N/A
2024-11-19 19:41:29,2024-12-10,BOD,LON,19:35 – 20:20,direct,1h 45min,36 €,True,BOD,N/A,N/A,N/A,N/A,N/A,N/A
2024-11-19 19:41:29,2024-12-10,BOD,LON,07:25 – 08:05,direct,1h 40min,60 €,True,BOD,N/A,N/A,N/A,N/A,N/A,N/A
2024-11-19 19:41:29,2024-12-10,BOD,LON,13:20 – 14:00,direct,1h 40min,86 €,True,BOD,N/A,N/A,N/A,N/A,N/A,N/A
2024-11-19 19:41:29,2024-12-10,BOD,LON,18:50 – 22:15,1 escale,4h 25min,57 €,True,BOD,N/A,N/A,N/A,N/A,N/A,N/A
2024-11-19 19:41:29,2024-12-10,BOD,LON,09:35 – 13:50,1 escale,5h 15min,52 €,True,BOD,N/A,N/A,N/A,N/A,N/A,N/A
2024-11-19 19:41:29,2024-12-10,BOD,LON,09:35 – 13:40,1 escale,5h 05min,61 €,True,BOD,N/A,N/A,N/A,N/A,N/A,N/A
2024-11-19 19:41:29,2024-12-10,BOD,LON,09:25 – 13:40,1 escale,5h 15min,65 €,True,BOD,N/A,N/A,N/A,N/A,N/A,N/A
2024-11-19 19:41:29,2024-12-10,BOD,LON,18:00 – 20:50,1 escale,3h 50min,117 €,True,BOD,N/A,N/A,N/A,N/A,N/A,N/A
2024-11-19 19:41:29,2024-12-10,BOD,LON,09:25 – 13:10,1 escale,4h 45min,78 €,True,BOD,N/A,N/A,N/A,N/A,N/A,N/A
2024-11-19 19:41:29,2024-12-10,BOD,LON,16:55 – 22:15,1 escale,6h 20min,58 €,True,BOD,N/A,N/A,N/A,N/A,N/A,N/A
2024-11-19 19:41:29,2024-12-10,BOD,LON,19:05 – 22:30,1 escale,4h 25min,91 €,True,BOD,N/A,N/A,N/A,N/A,N/A,N/A
2024-11-19 19:41:29,2024-12-10,BOD,LON,06:00 – 09:00,1 escale,4h 00min,117 €,True,BOD,N/A,N/A,N/A,N/A,N/A,N/A
2024-11-19 19:41:29,2024-12-10,BOD,LON,06:00 – 08:50,1 escale,3h 50min,135 €,True,BOD,N/A,N/A,N/A,N/A,N/A,N/A
2024-11-19 19:41:29,2024-12-10,BOD,LON,12:30 – 16:05,1 escale,4h 35min,117 €,True,BOD,N/A,N/A,N/A,N/A,N/A,N/A
2024-11-19 19:41:29,2024-12-10,BOD,LON,08:55 – 13:05,1 escale,5h 10min,99 €,True,BOD,N/A,N/A,N/A,N/A,N/A,N/A
2024-11-19 19:42:16,2024-12-11,BOD,LON,21:15 – 21:50,direct,1h 35min,27 €,True,BOD,N/A,N/A,N/A,N/A,N/A,N/A
2024-11-19 19:42:16,2024-12-11,BOD,LON,19:25 – 20:10,direct,1h 45min,35 €,True,BOD,N/A,N/A,N/A,N/A,N/A,N/A
2024-11-19 19:42:16,2024-12-11,BOD,LON,20:20 – 21:00,direct,1h 40min,39 €,True,BOD,N/A,N/A,N/A,N/A,N/A,N/A
2024-11-19 19:42:16,2024-12-11,BOD,LON,06:50 – 07:30,direct,1h 40min,46 €,True,BOD,N/A,N/A,N/A,N/A,N/A,N/A
2024-11-19 19:42:16,2024-12-11,BOD,LON,09:35 – 14:15,1 escale,5h 40min,54 €,True,BOD,N/A,N/A,N/A,N/A,N/A,N/A
2024-11-19 19:42:16,2024-12-11,BOD,LON,14:50 – 17:55,1 escale,4h 05min,73 €,True,BOD,N/A,N/A,N/A,N/A,N/A,N/A
2024-11-19 19:42:16,2024-12-11,BOD,LON,09:35 – 13:40,1 escale,5h 05min,61 €,True,BOD,N/A,N/A,N/A,N/A,N/A,N/A
2024-11-19 19:42:16,2024-12-11,BOD,LON,09:00 – 12:45,1 escale,4h 45min,68 €,True,BOD,N/A,N/A,N/A,N/A,N/A,N/A
2024-11-19 19:42:16,2024-12-11,BOD,LON,09:20 – 13:35,1 escale,5h 15min,61 €,True,BOD,N/A,N/A,N/A,N/A,N/A,N/A
2024-11-19 19:42:16,2024-12-11,BOD,LON,14:50 – 19:55,1 escale,6h 05min,54 €,True,BOD,N/A,N/A,N/A,N/A,N/A,N/A
2024-11-19 19:42:16,2024-12-11,BOD,LON,18:00 – 20:50,1 escale,3h 50min,117 €,True,BOD,N/A,N/A,N/A,N/A,N/A,N/A
2024-11-19 19:42:16,2024-12-11,BOD,LON,09:20 – 15:15,1 escale,6h 55min,52 €,True,BOD,N/A,N/A,N/A,N/A,N/A,N/A
2024-11-19 19:42:16,2024-12-11,BOD,LON,06:00 – 09:00,1 escale,4h 00min,117 €,True,BOD,N/A,N/A,N/A,N/A,N/A,N/A
2024-11-19 19:42:16,2024-12-11,BOD,LON,14:50 – 19:25,1 escale,5h 35min,63 €,True,BOD,N/A,N/A,N/A,N/A,N/A,N/A
2024-11-19 19:42:16,2024-12-11,BOD,LON,06:00 – 08:50,1 escale,3h 50min,136 €,True,BOD,N/A,N/A,N/A,N/A,N/A,N/A
2024-11-19 19:43:03,2024-12-12,BOD,LON,20:35 – 21:15,direct,1h 40min,54 €,True,BOD,N/A,N/A,N/A,N/A,N/A,N/A
2024-11-19 19:43:03,2024-12-12,BOD,LON,20:35 – 21:15,direct,1h 40min,54 €,True,BOD,N/A,N/A,N/A,N/A,N/A,N/A
2024-11-19 19:43:03,2024-12-12,BOD,LON,06:50 – 07:30,direct,1h 40min,60 €,True,BOD,N/A,N/A,N/A,N/A,N/A,N/A
2024-11-19 19:43:03,2024-12-12,BOD,LON,15:30 – 16:10,direct,1h 40min,67 €,True,BOD,N/A,N/A,N/A,N/A,N/A,N/A
2024-11-19 19:43:03,2024-12-12,BOD,LON,15:50 – 19:15,1 escale,4h 25min,65 €,True,BOD,N/A,N/A,N/A,N/A,N/A,N/A
2024-11-19 19:43:03,2024-12-12,BOD,LON,15:45 – 19:15,1 escale,4h 30min,65 €,True,BOD,N/A,N/A,N/A,N/A,N/A,N/A
2024-11-19 19:43:03,2024-12-12,BOD,LON,09:05 – 12:15,1 escale,4h 10min,91 €,True,BOD,N/A,N/A,N/A,N/A,N/A,N/A
2024-11-19 19:43:03,2024-12-12,BOD,LON,18:35 – 21:25,1 escale,3h 50min,115 €,True,BOD,N/A,N/A,N/A,N/A,N/A,N/A
2024-11-19 19:43:03,2024-12-12,BOD,LON,13:35 – 18:45,1 escale,6h 10min,70 €,True,BOD,N/A,N/A,N/A,N/A,N/A,N/A
2024-11-19 19:43:03,2024-12-12,BOD,LON,13:35 – 17:50,1 escale,5h 15min,80 €,True,BOD,N/A,N/A,N/A,N/A,N/A,N/A
2024-11-19 19:43:03,2024-12-12,BOD,LON,13:35 – 16:35,1 escale,4h 00min,115 €,True,BOD,N/A,N/A,N/A,N/A,N/A,N/A
2024-11-19 19:43:03,2024-12-12,BOD,LON,17:00 – 21:45,1 escale,5h 45min,77 €,True,BOD,N/A,N/A,N/A,N/A,N/A,N/A
2024-11-19 19:43:03,2024-12-12,BOD,LON,12:30 – 16:05,1 escale,4h 35min,115 €,True,BOD,N/A,N/A,N/A,N/A,N/A,N/A
2024-11-19 19:43:03,2024-12-12,BOD,LON,07:15 – 10:40,1 escale,4h 25min,121 €,True,BOD,N/A,N/A,N/A,N/A,N/A,N/A
2024-11-19 19:43:03,2024-12-12,BOD,LON,13:35 – 18:45,1 escale,6h 10min,86 €,True,BOD,N/A,N/A,N/A,N/A,N/A,N/A
2024-11-19 19:43:03,2024-12-12,BOD,LON,07:15 – 11:00,1 escale,4h 45min,127 €,True,BOD,N/A,N/A,N/A,N/A,N/A,N/A
2024-11-19 19:43:51,2024-12-13,BOD,LON,20:40 – 21:20,direct,1h 40min,55 €,True,BOD,N/A,N/A,N/A,N/A,N/A,N/A
2024-11-19 19:43:51,2024-12-13,BOD,LON,20:40 – 21:20,direct,1h 40min,55 €,True,BOD,N/A,N/A,N/A,N/A,N/A,N/A
2024-11-19 19:43:51,2024-12-13,BOD,LON,06:50 – 07:30,direct,1h 40min,90 €,True,BOD,N/A,N/A,N/A,N/A,N/A,N/A
2024-11-19 19:43:51,2024-12-13,BOD,LON,13:55 – 14:35,direct,1h 40min,107 €,True,BOD,N/A,N/A,N/A,N/A,N/A,N/A
2024-11-19 19:43:51,2024-12-13,BOD,LON,17:55 – 22:15,1 escale,5h 20min,88 €,True,BOD,N/A,N/A,N/A,N/A,N/A,N/A
2024-11-19 19:43:51,2024-12-13,BOD,LON,18:35 – 21:25,1 escale,3h 50min,116 €,True,BOD,N/A,N/A,N/A,N/A,N/A,N/A
2024-11-19 19:43:51,2024-12-13,BOD,LON,09:45 – 13:50,1 escale,5h 05min,96 €,True,BOD,N/A,N/A,N/A,N/A,N/A,N/A
2024-11-19 19:43:51,2024-12-13,BOD,LON,16:45 – 21:00,1 escale,5h 15min,96 €,True,BOD,N/A,N/A,N/A,N/A,N/A,N/A
2024-11-19 19:43:51,2024-12-13,BOD,LON,16:20 – 19:05,1 escale,3h 45min,129 €,True,BOD,N/A,N/A,N/A,N/A,N/A,N/A
2024-11-19 19:43:51,2024-12-13,BOD,LON,16:45 – 21:45,1 escale,6h 00min,96 €,True,BOD,N/A,N/A,N/A,N/A,N/A,N/A
2024-11-19 19:43:51,2024-12-13,BOD,LON,09:45 – 13:40,1 escale,4h 55min,124 €,True,BOD,N/A,N/A,N/A,N/A,N/A,N/A
2024-11-19 19:43:51,2024-12-13,BOD,LON,07:00 – 12:00,1 escale,6h 00min,102 €,True,BOD,N/A,N/A,N/A,N/A,N/A,N/A
2024-11-19 19:43:51,2024-12-13,BOD,LON,12:50 – 17:55,1 escale,6h 05min,97 €,True,BOD,N/A,N/A,N/A,N/A,N/A,N/A
2024-11-19 19:43:51,2024-12-13,BOD,LON,17:55 – 22:30,1 escale,5h 35min,107 €,True,BOD,N/A,N/A,N/A,N/A,N/A,N/A
2024-11-19 19:43:51,2024-12-13,BOD,LON,15:45 – 20:25,1 escale,5h 40min,113 €,True,BOD,N/A,N/A,N/A,N/A,N/A,N/A
2024-11-19 19:43:51,2024-12-13,BOD,LON,17:25 – 22:35,1 escale,6h 10min,112 €,True,BOD,N/A,N/A,N/A,N/A,N/A,N/A
2024-11-19 19:44:38,2024-12-14,BOD,LON,21:25 – 22:10,direct,1h 45min,28 €,True,BOD,N/A,N/A,N/A,N/A,N/A,N/A
2024-11-19 19:44:38,2024-12-14,BOD,LON,10:20 – 11:05,direct,1h 45min,44 €,True,BOD,N/A,N/A,N/A,N/A,N/A,N/A
2024-11-19 19:44:38,2024-12-14,BOD,LON,15:20 – 16:00,direct,1h 40min,60 €,True,BOD,N/A,N/A,N/A,N/A,N/A,N/A
2024-11-19 19:44:38,2024-12-14,BOD,LON,07:00 – 07:40,direct,1h 40min,70 €,True,BOD,N/A,N/A,N/A,N/A,N/A,N/A
2024-11-19 19:44:38,2024-12-14,BOD,LON,07:40 – 11:15,1 escale,4h 35min,79 €,True,BOD,N/A,N/A,N/A,N/A,N/A,N/A
2024-11-19 19:44:38,2024-12-14,BOD,LON,15:30 – 22:25,1 escale,7h 55min,63 €,True,BOD,N/A,N/A,N/A,N/A,N/A,N/A
2024-11-19 19:44:38,2024-12-14,BOD,LON,07:40 – 11:35,1 escale,4h 55min,82 €,True,BOD,N/A,N/A,N/A,N/A,N/A,N/A
2024-11-19 19:44:38,2024-12-14,BOD,LON,08:50 – 12:10,1 escale,4h 20min,105 €,True,BOD,N/A,N/A,N/A,N/A,N/A,N/A
2024-11-19 19:44:38,2024-12-14,BOD,LON,10:00 – 14:30,1 escale,5h 30min,91 €,True,BOD,N/A,N/A,N/A,N/A,N/A,N/A
2024-11-19 19:44:38,2024-12-14,BOD,LON,12:30 – 17:00,1 escale,5h 30min,102 €,True,BOD,N/A,N/A,N/A,N/A,N/A,N/A
2024-11-19 19:44:38,2024-12-14,BOD,LON,07:40 – 12:15,1 escale,5h 35min,92 €,True,BOD,N/A,N/A,N/A,N/A,N/A,N/A
2024-11-19 19:44:38,2024-12-14,BOD,LON,15:30 – 22:10,1 escale,7h 40min,73 €,True,BOD,N/A,N/A,N/A,N/A,N/A,N/A
2024-11-19 19:44:38,2024-12-14,BOD,LON,16:55 – 22:30,1 escale,6h 35min,85 €,True,BOD,N/A,N/A,N/A,N/A,N/A,N/A
2024-11-19 19:44:38,2024-12-14,BOD,LON,13:20 – 16:35,1 escale,4h 15min,160 €,True,BOD,N/A,N/A,N/A,N/A,N/A,N/A
2024-11-19 19:44:38,2024-12-14,BOD,LON,06:00 – 09:30,1 escale,4h 30min,161 €,True,BOD,N/A,N/A,N/A,N/A,N/A,N/A
2024-11-19 19:45:25,2024-12-15,BOD,LON,21:15 – 21:55,direct,1h 40min,42 €,True,BOD,N/A,N/A,N/A,N/A,N/A,N/A
2024-11-19 19:45:25,2024-12-15,BOD,LON,21:15 – 21:55,direct,1h 40min,42 €,True,BOD,N/A,N/A,N/A,N/A,N/A,N/A
2024-11-19 19:45:25,2024-12-15,BOD,LON,12:20 – 12:50,direct,1h 30min,53 €,True,BOD,N/A,N/A,N/A,N/A,N/A,N/A
2024-11-19 19:45:25,2024-12-15,BOD,LON,18:15 – 19:00,direct,1h 45min,60 €,True,BOD,N/A,N/A,N/A,N/A,N/A,N/A
2024-11-19 19:45:25,2024-12-15,BOD,LON,18:00 – 22:15,1 escale,5h 15min,67 €,True,BOD,N/A,N/A,N/A,N/A,N/A,N/A
2024-11-19 19:45:25,2024-12-15,BOD,LON,18:45 – 22:25,1 escale,4h 40min,75 €,True,BOD,N/A,N/A,N/A,N/A,N/A,N/A
2024-11-19 19:45:25,2024-12-15,BOD,LON,07:00 – 11:45,1 escale,5h 45min,67 €,True,BOD,N/A,N/A,N/A,N/A,N/A,N/A
2024-11-19 19:45:25,2024-12-15,BOD,LON,07:00 – 10:15,1 escale,4h 15min,99 €,True,BOD,N/A,N/A,N/A,N/A,N/A,N/A
2024-11-19 19:45:25,2024-12-15,BOD,LON,12:30 – 16:05,1 escale,4h 35min,102 €,True,BOD,N/A,N/A,N/A,N/A,N/A,N/A
2024-11-19 19:45:25,2024-12-15,BOD,LON,18:35 – 21:25,1 escale,3h 50min,131 €,True,BOD,N/A,N/A,N/A,N/A,N/A,N/A
2024-11-19 19:45:25,2024-12-15,BOD,LON,18:00 – 22:10,1 escale,5h 10min,81 €,True,BOD,N/A,N/A,N/A,N/A,N/A,N/A
2024-11-19 19:45:25,2024-12-15,BOD,LON,11:10 – 14:35,1 escale,4h 25min,100 €,True,BOD,N/A,N/A,N/A,N/A,N/A,N/A
2024-11-19 19:45:25,2024-12-15,BOD,LON,07:00 – 11:40,1 escale,5h 40min,75 €,True,BOD,N/A,N/A,N/A,N/A,N/A,N/A
2024-11-19 19:45:25,2024-12-15,BOD,LON,11:10 – 15:10,1 escale,5h 00min,92 €,True,BOD,N/A,N/A,N/A,N/A,N/A,N/A
2024-11-19 19:45:25,2024-12-15,BOD,LON,11:10 – 14:50,1 escale,4h 40min,102 €,True,BOD,N/A,N/A,N/A,N/A,N/A,N/A
2024-11-19 19:45:25,2024-12-15,BOD,LON,13:20 – 16:35,1 escale,4h 15min,149 €,True,BOD,N/A,N/A,N/A,N/A,N/A,N/A
2024-11-19 19:46:12,2024-12-16,BOD,LON,11:10 – 11:50,direct,1h 40min,44 €,True,BOD,N/A,N/A,N/A,N/A,N/A,N/A
2024-11-19 19:46:12,2024-12-16,BOD,LON,06:50 – 07:30,direct,1h 40min,40 €,True,BOD,N/A,N/A,N/A,N/A,N/A,N/A
2024-11-19 19:46:12,2024-12-16,BOD,LON,11:10 – 11:50,direct,1h 40min,44 €,True,BOD,N/A,N/A,N/A,N/A,N/A,N/A
2024-11-19 19:46:12,2024-12-16,BOD,LON,18:10 – 18:55,direct,1h 45min,46 €,True,BOD,N/A,N/A,N/A,N/A,N/A,N/A
2024-11-19 19:46:12,2024-12-16,BOD,LON,08:40 – 11:30,1 escale,3h 50min,84 €,True,BOD,N/A,N/A,N/A,N/A,N/A,N/A
2024-11-19 19:46:12,2024-12-16,BOD,LON,18:30 – 22:10,1 escale,4h 40min,79 €,True,BOD,N/A,N/A,N/A,N/A,N/A,N/A
2024-11-19 19:46:12,2024-12-16,BOD,LON,07:45 – 12:25,1 escale,5h 40min,70 €,True,BOD,N/A,N/A,N/A,N/A,N/A,N/A
2024-11-19 19:46:12,2024-12-16,BOD,LON,18:00 – 20:50,1 escale,3h 50min,102 €,True,BOD,N/A,N/A,N/A,N/A,N/A,N/A
2024-11-19 19:46:12,2024-12-16,BOD,LON,06:00 – 09:00,1 escale,4h 00min,102 €,True,BOD,N/A,N/A,N/A,N/A,N/A,N/A
2024-11-19 19:46:12,2024-12-16,BOD,LON,15:55 – 19:05,1 escale,4h 10min,92 €,True,BOD,N/A,N/A,N/A,N/A,N/A,N/A
2024-11-19 19:46:12,2024-12-16,BOD,LON,18:35 – 21:25,1 escale,3h 50min,116 €,True,BOD,N/A,N/A,N/A,N/A,N/A,N/A
2024-11-19 19:46:12,2024-12-16,BOD,LON,14:30 – 20:00,1 escale,6h 30min,68 €,True,BOD,N/A,N/A,N/A,N/A,N/A,N/A
2024-11-19 19:46:12,2024-12-16,BOD,LON,13:55 – 18:45,1 escale,5h 50min,76 €,True,BOD,N/A,N/A,N/A,N/A,N/A,N/A
2024-11-19 19:46:12,2024-12-16,BOD,LON,15:50 – 19:35,1 escale,4h 45min,95 €,True,BOD,N/A,N/A,N/A,N/A,N/A,N/A
2024-11-19 19:46:12,2024-12-16,BOD,LON,07:15 – 12:35,1 escale,6h 20min,77 €,True,BOD,N/A,N/A,N/A,N/A,N/A,N/A
2024-11-19 19:46:12,2024-12-16,BOD,LON,12:30 – 16:05,1 escale,4h 35min,122 €,True,BOD,N/A,N/A,N/A,N/A,N/A,N/A
2024-11-19 19:47:51,2024-12-17,BOD,LON,19:35 – 20:20,direct,1h 45min,28 €,True,BOD,N/A,N/A,N/A,N/A,N/A,N/A
2024-11-19 19:47:51,2024-12-17,BOD,LON,07:25 – 08:05,direct,1h 40min,28 €,True,BOD,N/A,N/A,N/A,N/A,N/A,N/A
2024-11-19 19:47:51,2024-12-17,BOD,LON,13:20 – 14:00,direct,1h 40min,29 €,True,BOD,N/A,N/A,N/A,N/A,N/A,N/A
2024-11-19 19:47:51,2024-12-17,BOD,LON,18:50 – 22:15,1 escale,4h 25min,58 €,True,BOD,N/A,N/A,N/A,N/A,N/A,N/A
2024-11-19 19:47:51,2024-12-17,BOD,LON,09:35 – 13:50,1 escale,5h 15min,55 €,True,BOD,N/A,N/A,N/A,N/A,N/A,N/A
2024-11-19 19:47:51,2024-12-17,BOD,LON,18:00 – 20:50,1 escale,3h 50min,102 €,True,BOD,N/A,N/A,N/A,N/A,N/A,N/A
2024-11-19 19:47:51,2024-12-17,BOD,LON,09:25 – 13:40,1 escale,5h 15min,64 €,True,BOD,N/A,N/A,N/A,N/A,N/A,N/A
2024-11-19 19:47:51,2024-12-17,BOD,LON,08:55 – 13:05,1 escale,5h 10min,67 €,True,BOD,N/A,N/A,N/A,N/A,N/A,N/A
2024-11-19 19:47:51,2024-12-17,BOD,LON,09:25 – 13:10,1 escale,4h 45min,72 €,True,BOD,N/A,N/A,N/A,N/A,N/A,N/A
2024-11-19 19:47:51,2024-12-17,BOD,LON,06:00 – 09:00,1 escale,4h 00min,102 €,True,BOD,N/A,N/A,N/A,N/A,N/A,N/A
2024-11-19 19:47:51,2024-12-17,BOD,LON,17:00 – 22:10,1 escale,6h 10min,60 €,True,BOD,N/A,N/A,N/A,N/A,N/A,N/A
2024-11-19 19:47:51,2024-12-17,BOD,LON,19:05 – 22:30,1 escale,4h 25min,95 €,True,BOD,N/A,N/A,N/A,N/A,N/A,N/A
2024-11-19 19:47:51,2024-12-17,BOD,LON,13:35 – 16:35,1 escale,4h 00min,116 €,True,BOD,N/A,N/A,N/A,N/A,N/A,N/A
2024-11-19 19:47:51,2024-12-17,BOD,LON,06:00 – 08:50,1 escale,3h 50min,121 €,True,BOD,N/A,N/A,N/A,N/A,N/A,N/A
2024-11-19 19:47:51,2024-12-17,BOD,LON,16:55 – 22:15,1 escale,6h 20min,61 €,True,BOD,N/A,N/A,N/A,N/A,N/A,N/A
2024-11-19 19:47:51,2024-12-17,BOD,LON,09:35 – 13:40,1 escale,5h 05min,93 €,True,BOD,N/A,N/A,N/A,N/A,N/A,N/A
2024-11-19 19:47:51,2024-12-17,BOD,LON,12:30 – 16:05,1 escale,4h 35min,102 €,True,BOD,N/A,N/A,N/A,N/A,N/A,N/A
2024-11-19 19:47:51,2024-12-17,BOD,LON,09:25 – 13:40,1 escale,5h 15min,83 €,True,BOD,N/A,N/A,N/A,N/A,N/A,N/A
2024-11-19 19:47:51,2024-12-17,BOD,LON,06:05 – 13:00,1 escale,7h 55min,58 €,True,BOD,N/A,N/A,N/A,N/A,N/A,N/A
2024-11-19 19:47:51,2024-12-17,BOD,LON,06:00 – 09:30,1 escale,4h 30min,127 €,True,BOD,N/A,N/A,N/A,N/A,N/A,N/A
2024-11-19 19:47:51,2024-12-17,BOD,LON,14:50 – 17:50,1 escale,4h 00min,204 €,True,BOD,N/A,N/A,N/A,N/A,N/A,N/A
2024-11-19 19:47:51,2024-12-17,BOD,LON,12:30 – 17:00,1 escale,5h 30min,102 €,True,BOD,N/A,N/A,N/A,N/A,N/A,N/A
2024-11-19 19:47:51,2024-12-17,BOD,LON,12:30 – 16:35,1 escale,5h 05min,121 €,True,BOD,N/A,N/A,N/A,N/A,N/A,N/A
2024-11-19 19:47:51,2024-12-17,BOD,LON,06:00 – 10:45,1 escale,5h 45min,102 €,True,BOD,N/A,N/A,N/A,N/A,N/A,N/A
2024-11-19 19:47:51,2024-12-17,BOD,LON,09:05 – 14:30,1 escale,6h 25min,87 €,True,BOD,N/A,N/A,N/A,N/A,N/A,N/A
2024-11-19 19:47:51,2024-12-17,BOD,LON,09:05 – 13:20,1 escale,5h 15min,124 €,True,BOD,N/A,N/A,N/A,N/A,N/A,N/A
2024-11-19 19:47:51,2024-12-17,BOD,LON,08:41 – 14:25,1 escale,6h 44min,86 €,True,BOD,N/A,N/A,N/A,N/A,N/A,N/A
2024-11-19 19:47:51,2024-12-17,BOD,LON,12:30 – 18:10,1 escale,6h 40min,86 €,True,BOD,N/A,N/A,N/A,N/A,N/A,N/A
2024-11-19 19:47:51,2024-12-17,BOD,LON,13:35 – 18:20,1 escale,5h 45min,116 €,True,BOD,N/A,N/A,N/A,N/A,N/A,N/A
2024-11-19 19:47:51,2024-12-17,BOD,LON,09:25 – 13:40,1 escale,5h 15min,128 €,True,BOD,N/A,N/A,N/A,N/A,N/A,N/A
2024-11-19 19:47:51,2024-12-17,BOD,LON,06:05 – 12:05,1 escale,7h 00min,90 €,True,BOD,N/A,N/A,N/A,N/A,N/A,N/A
2024-11-19 19:47:51,2024-12-17,BOD,LON,12:30 – 17:25,1 escale,5h 55min,121 €,True,BOD,N/A,N/A,N/A,N/A,N/A,N/A
2024-11-19 19:47:51,2024-12-17,BOD,LON,08:55 – 13:30,1 escale,5h 35min,133 €,True,BOD,N/A,N/A,N/A,N/A,N/A,N/A
2024-11-19 19:47:51,2024-12-17,BOD,LON,15:55 – 21:25,1 escale,6h 30min,116 €,True,BOD,N/A,N/A,N/A,N/A,N/A,N/A
2024-11-19 19:47:51,2024-12-17,BOD,LON,09:25 – 13:10,1 escale,4h 45min,181 €,True,BOD,N/A,N/A,N/A,N/A,N/A,N/A
2024-11-19 19:47:51,2024-12-17,BOD,LON,18:25 – 22:15,1 escale,4h 50min,205 €,True,BOD,N/A,N/A,N/A,N/A,N/A,N/A
2024-11-19 19:47:51,2024-12-17,BOD,LON,09:25 – 14:00,1 escale,5h 35min,151 €,True,BOD,N/A,N/A,N/A,N/A,N/A,N/A
2024-11-19 19:47:51,2024-12-17,BOD,LON,12:30 – 18:25,1 escale,6h 55min,121 €,True,BOD,N/A,N/A,N/A,N/A,N/A,N/A
2024-11-19 19:47:51,2024-12-17,BOD,LON,09:05 – 15:55,1 escale,7h 50min,87 €,True,BOD,N/A,N/A,N/A,N/A,N/A,N/A
2024-11-19 19:47:51,2024-12-17,BOD,LON,14:50 – 18:40,1 escale,4h 50min,221 €,True,BOD,N/A,N/A,N/A,N/A,N/A,N/A
2024-11-19 19:47:51,2024-12-17,BOD,LON,14:35 – 20:50,1 escale,7h 15min,88 €,True,BOD,N/A,N/A,N/A,N/A,N/A,N/A
2024-11-19 19:47:51,2024-12-17,BOD,LON,09:25 – 14:00,1 escale,5h 35min,164 €,True,BOD,N/A,N/A,N/A,N/A,N/A,N/A
2024-11-19 19:47:51,2024-12-17,BOD,LON,09:05 – 14:55,1 escale,6h 50min,133 €,True,BOD,N/A,N/A,N/A,N/A,N/A,N/A
2024-11-19 19:47:51,2024-12-17,BOD,LON,15:30 – 22:25,1 escale,7h 55min,95 €,True,BOD,N/A,N/A,N/A,N/A,N/A,N/A
2024-11-19 19:47:51,2024-12-17,BOD,LON,14:50 – 19:15,1 escale,5h 25min,200 €,True,BOD,N/A,N/A,N/A,N/A,N/A,N/A
2024-11-19 19:47:51,2024-12-17,BOD,LON,12:30 – 19:15,1 escale,7h 45min,102 €,True,BOD,N/A,N/A,N/A,N/A,N/A,N/A
2024-11-19 19:47:51,2024-12-17,BOD,LON,17:55 – 22:10,1 escale,5h 15min,212 €,True,BOD,N/A,N/A,N/A,N/A,N/A,N/A
2024-11-19 19:47:51,2024-12-17,BOD,LON,15:30 – 22:10,1 escale,7h 40min,108 €,True,BOD,N/A,N/A,N/A,N/A,N/A,N/A
2024-11-19 19:47:51,2024-12-17,BOD,LON,09:35 – 16:00,1 escale,7h 25min,90 €,True,BOD,N/A,N/A,N/A,N/A,N/A,N/A
2024-11-19 19:47:51,2024-12-17,BOD,LON,09:25 – 13:40,1 escale,5h 15min,192 €,True,BOD,N/A,N/A,N/A,N/A,N/A,N/A
2024-11-19 19:47:51,2024-12-17,BOD,LON,06:00 – 10:30,1 escale,5h 30min,206 €,True,BOD,N/A,N/A,N/A,N/A,N/A,N/A
2024-11-19 19:47:51,2024-12-17,BOD,LON,09:05 – 14:00,1 escale,5h 55min,194 €,True,BOD,N/A,N/A,N/A,N/A,N/A,N/A
2024-11-19 19:47:51,2024-12-17,BOD,LON,09:35 – 13:45,1 escale,5h 10min,198 €,True,BOD,N/A,N/A,N/A,N/A,N/A,N/A
2024-11-19 19:47:51,2024-12-17,BOD,LON,09:05 – 14:00,1 escale,5h 55min,194 €,True,BOD,N/A,N/A,N/A,N/A,N/A,N/A
2024-11-19 19:47:51,2024-12-17,BOD,LON,09:05 – 14:55,1 escale,6h 50min,161 €,True,BOD,N/A,N/A,N/A,N/A,N/A,N/A
2024-11-19 19:47:51,2024-12-17,BOD,LON,17:00 – 22:15,1 escale,6h 15min,171 €,True,BOD,N/A,N/A,N/A,N/A,N/A,N/A
2024-11-19 19:47:51,2024-12-17,BOD,LON,09:25 – 14:00,1 escale,5h 35min,198 €,True,BOD,N/A,N/A,N/A,N/A,N/A,N/A
2024-11-19 19:47:51,2024-12-17,BOD,LON,17:55 – 22:10,1 escale,5h 15min,239 €,True,BOD,N/A,N/A,N/A,N/A,N/A,N/A
2024-11-19 19:47:51,2024-12-17,BOD,LON,06:00 – 09:30,1 escale,4h 30min,249 €,True,BOD,N/A,N/A,N/A,N/A,N/A,N/A
2024-11-19 19:47:51,2024-12-17,BOD,LON,14:50 – 19:55,1 escale,6h 05min,192 €,True,BOD,N/A,N/A,N/A,N/A,N/A,N/A
2024-11-19 19:47:51,2024-12-17,BOD,LON,08:55 – 15:25,1 escale,7h 30min,127 €,True,BOD,N/A,N/A,N/A,N/A,N/A,N/A
2024-11-19 19:47:51,2024-12-17,BOD,LON,18:00 – 21:30,1 escale,4h 30min,261 €,True,BOD,N/A,N/A,N/A,N/A,N/A,N/A
2024-11-19 19:47:51,2024-12-17,BOD,LON,15:55 – 19:40,1 escale,4h 45min,272 €,True,BOD,N/A,N/A,N/A,N/A,N/A,N/A
2024-11-19 19:47:51,2024-12-17,BOD,LON,09:35 – 13:50,1 escale,5h 15min,287 €,True,BOD,N/A,N/A,N/A,N/A,N/A,N/A
2024-11-19 19:47:51,2024-12-17,BOD,LON,09:05 – 15:50,1 escale,7h 45min,194 €,True,BOD,N/A,N/A,N/A,N/A,N/A,N/A
2024-11-19 19:47:51,2024-12-17,BOD,LON,06:00 – 10:35,1 escale,5h 35min,264 €,True,BOD,N/A,N/A,N/A,N/A,N/A,N/A
2024-11-19 19:47:51,2024-12-17,BOD,LON,15:05 – 21:35,1 escale,7h 30min,183 €,True,BOD,N/A,N/A,N/A,N/A,N/A,N/A
2024-11-19 19:47:51,2024-12-17,BOD,LON,10:20 – 13:45,1 escale,4h 25min,349 €,True,BOD,N/A,N/A,N/A,N/A,N/A,N/A
2024-11-19 19:47:51,2024-12-17,BOD,LON,14:50 – 21:40,1 escale,7h 50min,204 €,True,BOD,N/A,N/A,N/A,N/A,N/A,N/A
2024-11-19 19:47:51,2024-12-17,BOD,LON,10:40 – 13:45,1 escale,4h 05min,365 €,True,BOD,N/A,N/A,N/A,N/A,N/A,N/A
2024-11-19 19:47:51,2024-12-17,BOD,LON,09:35 – 13:45,1 escale,5h 10min,320 €,True,BOD,N/A,N/A,N/A,N/A,N/A,N/A
2024-11-19 19:47:51,2024-12-17,BOD,LON,06:05 – 13:00,1 escale,7h 55min,185 €,True,BOD,N/A,N/A,N/A,N/A,N/A,N/A
2024-11-19 19:47:51,2024-12-17,BOD,LON,09:35 – 13:50,1 escale,5h 15min,325 €,True,BOD,N/A,N/A,N/A,N/A,N/A,N/A
2024-11-19 19:47:51,2024-12-17,BOD,LON,09:05 – 15:50,1 escale,7h 45min,222 €,True,BOD,N/A,N/A,N/A,N/A,N/A,N/A
2024-11-19 19:47:51,2024-12-17,BOD,LON,09:35 – 16:00,1 escale,7h 25min,217 €,True,BOD,N/A,N/A,N/A,N/A,N/A,N/A
2024-11-19 19:47:51,2024-12-17,BOD,LON,14:50 – 19:30,1 escale,5h 40min,319 €,True,BOD,N/A,N/A,N/A,N/A,N/A,N/A
2024-11-19 19:47:51,2024-12-17,BOD,LON,10:20 – 16:35,1 escale,7h 15min,312 €,True,BOD,N/A,N/A,N/A,N/A,N/A,N/A
2024-11-19 19:47:51,2024-12-17,BOD,LON,09:35 – 16:00,1 escale,7h 25min,337 €,True,BOD,N/A,N/A,N/A,N/A,N/A,N/A
2024-11-19 19:47:51,2024-12-17,BOD,LON,10:40 – 16:35,1 escale,6h 55min,349 €,True,BOD,N/A,N/A,N/A,N/A,N/A,N/A
2024-11-19 19:47:51,2024-12-17,BOD,LON,09:35 – 16:00,1 escale,7h 25min,355 €,True,BOD,N/A,N/A,N/A,N/A,N/A,N/A
2024-11-19 19:47:51,2024-12-17,BOD,LON,18:00 – 20:50,1 escale,3h 50min,1 363 €,True,BOD,N/A,N/A,N/A,N/A,N/A,N/A
2024-11-19 19:47:51,2024-12-17,BOD,LON,06:00 – 09:00,1 escale,4h 00min,1 363 €,True,BOD,N/A,N/A,N/A,N/A,N/A,N/A
2024-11-19 19:47:51,2024-12-17,BOD,LON,06:00 – 08:50,1 escale,3h 50min,1 391 €,True,BOD,N/A,N/A,N/A,N/A,N/A,N/A
2024-11-19 19:47:51,2024-12-17,BOD,LON,12:30 – 16:05,1 escale,4h 35min,1 363 €,True,BOD,N/A,N/A,N/A,N/A,N/A,N/A
2024-11-19 19:47:51,2024-12-17,BOD,LON,06:00 – 09:30,1 escale,4h 30min,1 391 €,True,BOD,N/A,N/A,N/A,N/A,N/A,N/A
2024-11-19 19:47:51,2024-12-17,BOD,LON,12:30 – 17:00,1 escale,5h 30min,1 363 €,True,BOD,N/A,N/A,N/A,N/A,N/A,N/A
2024-11-19 19:47:51,2024-12-17,BOD,LON,12:30 – 16:35,1 escale,5h 05min,1 391 €,True,BOD,N/A,N/A,N/A,N/A,N/A,N/A
2024-11-19 19:47:51,2024-12-17,BOD,LON,06:00 – 10:45,1 escale,5h 45min,1 363 €,True,BOD,N/A,N/A,N/A,N/A,N/A,N/A
2024-11-19 19:47:51,2024-12-17,BOD,LON,12:30 – 17:25,1 escale,5h 55min,1 391 €,True,BOD,N/A,N/A,N/A,N/A,N/A,N/A
2024-11-19 19:47:51,2024-12-17,BOD,LON,12:30 – 18:25,1 escale,6h 55min,1 391 €,True,BOD,N/A,N/A,N/A,N/A,N/A,N/A
