"search_date","flight_date","origin","destination","destination_city","url","departure_time","arrival_time","duration","price","is_direct","origin_airport","destination_airport","checked_baggage","hand_baggage","layover_airport","layover_duration","airlines","flight_connection_company","fare_class","flight_number","equipment_type","flight_date_with_time","flight_arrival_with_time","second_flight_duration","days_until_flight","day_of_week","departure_period","flight_type","price_category","flight_id"
"2024-11-21","2024-11-21","BOD","STO","Stockholm","https://www.kayak.fr/flights/BOD-STO/2024-11-21?sort=bestflight_a","18:00","09:00+1","900","","False","BOD","ARN","","","FRA","70.0","Lufthansa","","Standard","","","2024-11-21 18:00:00","2024-11-22 09:00:00","830.0","0","Thursday","evening","long","cheap","8134497346010818697"
"2024-11-21","2024-11-21","BOD","STO","Stockholm","https://www.kayak.fr/flights/BOD-STO/2024-11-21?sort=bestflight_a","18:00","10:35+1","995","","False","BOD","ARN","","","MXP","400.0","KLM","","Standard","","","2024-11-21 18:00:00","2024-11-22 10:35:00","595.0","0","Thursday","evening","long","cheap","1162962941320934771"
"2024-11-21","2024-11-21","BOD","STO","Stockholm","https://www.kayak.fr/flights/BOD-STO/2024-11-21?sort=bestflight_a","21:50","07:25+2","2015","222.0","False","BOD","ARN","","","AMS","660.0","easyJet","Wizz Air","Affaires","","","2024-11-21 21:50:00","","1355.0","0","Thursday","evening","long","standard","5709628804010586661"
"2024-11-21","2024-11-22","BOD","STO","Stockholm","https://www.kayak.fr/flights/BOD-STO/2024-11-22?sort=bestflight_a","13:35","23:50","615","295.0","False","BOD","ARN","","","AMS","50.0","Volotea","Wizz Air","Light","","","2024-11-22 13:35:00","2024-11-22 23:50:00","565.0","1","Friday","afternoon","long","standard","5648917155560611222"
"2024-11-21","2024-11-22","BOD","STO","Stockholm","https://www.kayak.fr/flights/BOD-STO/2024-11-22?sort=bestflight_a","09:05","23:55","890","248.0","False","BOD","ARN","","","MAD","600.0","Iberia","","Economy","","","2024-11-22 09:05:00","2024-11-22 23:55:00","290.0","1","Friday","morning","long","standard","831360298181012746"
"2024-11-21","2024-11-22","BOD","STO","Stockholm","https://www.kayak.fr/flights/BOD-STO/2024-11-22?sort=bestflight_a","15:55","00:10+1","495","501.0","False","BOD","ARN","","","CDG","45.0","Air France","Scandinavian Airlines","Light","","","2024-11-22 15:55:00","2024-11-23 00:10:00","450.0","1","Friday","afternoon","long","high","7849778070620721414"
"2024-11-21","2024-11-22","BOD","STO","Stockholm","https://www.kayak.fr/flights/BOD-STO/2024-11-22?sort=bestflight_a","15:55","00:10+1","495","527.0","False","BOD","ARN","","","","","Scandinavian Airlines","","Economy","","","2024-11-22 15:55:00","2024-11-23 00:10:00","","1","Friday","afternoon","long","high","7951664816329692134"
"2024-11-21","2024-11-22","BOD","STO","Stockholm","https://www.kayak.fr/flights/BOD-STO/2024-11-22?sort=bestflight_a","12:15","23:55","700","289.0","False","BOD","ARN","","","FCO","60.0","easyJet","Iberia","Economy","","","2024-11-22 12:15:00","2024-11-22 23:55:00","640.0","1","Friday","afternoon","long","standard","1128196643250532179"
"2024-11-21","2024-11-22","BOD","STO","Stockholm","https://www.kayak.fr/flights/BOD-STO/2024-11-22?sort=bestflight_a","09:45","23:55","850","234.0","False","BOD","ARN","0.0","1.0","AMS","50.0","KLM","","Economy","","","2024-11-22 09:45:00","2024-11-22 23:55:00","800.0","1","Friday","morning","long","standard","3045490232770091736"
"2024-11-21","2024-11-23","BOD","STO","Stockholm","https://www.kayak.fr/flights/BOD-STO/2024-11-23?sort=bestflight_a","06:00","13:40","460","481.0","False","BOD","ARN","","","BCN","480.0","KLM","Scandinavian Airlines","Economy","","","2024-11-23 06:00:00","2024-11-23 13:40:00","","2","Saturday","morning","long","high","4012218668865589026"
"2024-11-21","2024-11-23","BOD","STO","Stockholm","https://www.kayak.fr/flights/BOD-STO/2024-11-23?sort=bestflight_a","15:30","23:30","480","445.0","False","BOD","ARN","","","MRS","220.0","Volotea","Ryanair","Standard","","","2024-11-23 15:30:00","2024-11-23 23:30:00","260.0","2","Saturday","afternoon","long","high","6650506281900470442"
"2024-11-21","2024-11-23","BOD","STO","Stockholm","https://www.kayak.fr/flights/BOD-STO/2024-11-23?sort=bestflight_a","06:00","17:10","670","442.0","False","BOD","ARN","","","ZRH","280.0","Vueling","Ryanair","Economy Light","","","2024-11-23 06:00:00","2024-11-23 17:10:00","390.0","2","Saturday","morning","long","high","8025289618760457657"
"2024-11-21","2024-11-23","BOD","STO","Stockholm","https://www.kayak.fr/flights/BOD-STO/2024-11-23?sort=bestflight_a","13:20","23:40","620","482.0","False","BOD","ARN","","","MRS","220.0","Air France","","Standard","","","2024-11-23 13:20:00","2024-11-23 23:40:00","400.0","2","Saturday","afternoon","long","high","203277463854059472"
"2024-11-21","2024-11-23","BOD","STO","Stockholm","https://www.kayak.fr/flights/BOD-STO/2024-11-23?sort=bestflight_a","06:00","14:30","510","522.0","False","BOD","ARN","0.0","0.0","GVA","145.0","easyJet","SWISS","Light","","","2024-11-23 06:00:00","2024-11-23 14:30:00","365.0","2","Saturday","morning","long","high","6435019571702771426"
"2024-11-21","2024-11-24","BOD","STO","Stockholm","https://www.kayak.fr/flights/BOD-STO/2024-11-24?sort=bestflight_a","18:30","23:30","300","516.0","False","BOD","ARN","","","CDG","60.0","Lufthansa","","Light","","","2024-11-24 18:30:00","2024-11-24 23:30:00","240.0","3","Sunday","evening","moyen","high","4537766838724096360"
"2024-11-21","2024-11-24","BOD","STO","Stockholm","https://www.kayak.fr/flights/BOD-STO/2024-11-24?sort=bestflight_a","18:35","23:40","305","613.0","False","BOD","ARN","","","FCO","220.0","Scandinavian Airlines","","Economy","","","2024-11-24 18:35:00","2024-11-24 23:40:00","85.0","3","Sunday","evening","moyen","high","6603881762834383110"
"2024-11-21","2024-11-24","BOD","STO","Stockholm","https://www.kayak.fr/flights/BOD-STO/2024-11-24?sort=bestflight_a","06:00","12:40","400","481.0","False","BOD","ARN","","","CDG","60.0","KLM","Scandinavian Airlines","Go Light","","","2024-11-24 06:00:00","2024-11-24 12:40:00","340.0","3","Sunday","morning","long","high","688560168199064248"
"2024-11-21","2024-11-24","BOD","STO","Stockholm","https://www.kayak.fr/flights/BOD-STO/2024-11-24?sort=bestflight_a","06:00","12:40","400","594.0","False","BOD","ARN","","","","","Air France","Scandinavian Airlines","Light","","","2024-11-24 06:00:00","2024-11-24 12:40:00","","3","Sunday","morning","long","high","6295401191438639107"
"2024-11-21","2024-11-24","BOD","STO","Stockholm","https://www.kayak.fr/flights/BOD-STO/2024-11-24?sort=bestflight_a","14:55","23:25","510","394.0","False","BOD","ARN","","","BER","335.0","SWISS","","Standard","","","2024-11-24 14:55:00","2024-11-24 23:25:00","175.0","3","Sunday","afternoon","long","high","1754987115978411958"
"2024-11-21","2024-11-24","BOD","STO","Stockholm","https://www.kayak.fr/flights/BOD-STO/2024-11-24?sort=bestflight_a","21:15","10:20+1","785","282.0","False","BOD","VST","","","CDG","220.0","British Airways","Ryanair","Light","","","2024-11-24 21:15:00","2024-11-25 10:20:00","565.0","3","Sunday","evening","long","standard","8972942829969894717"
"2024-11-21","2024-11-24","BOD","STO","Stockholm","https://www.kayak.fr/flights/BOD-STO/2024-11-24?sort=bestflight_a","21:15","10:10+1","775","308.0","False","BOD","ARN","0.0","0.0","ZRH","80.0","easyJet","SWISS","Light","","","2024-11-24 21:15:00","2024-11-25 10:10:00","695.0","3","Sunday","evening","long","standard","8179750721361605277"
"2024-11-21","2024-11-25","BOD","STO","Stockholm","https://www.kayak.fr/flights/BOD-STO/2024-11-25?sort=bestflight_a","18:25","23:40","315","450.0","False","BOD","ARN","","","CDG","205.0","Lufthansa","","Light","","","2024-11-25 18:25:00","2024-11-25 23:40:00","110.0","4","Monday","evening","moyen","high","5713704705156689647"
"2024-11-21","2024-11-25","BOD","STO","Stockholm","https://www.kayak.fr/flights/BOD-STO/2024-11-25?sort=bestflight_a","15:55","23:25","450","441.0","False","BOD","ARN","","","CDG","185.0","Scandinavian Airlines","","Light","","","2024-11-25 15:55:00","2024-11-25 23:25:00","265.0","4","Monday","afternoon","long","high","5771549057434445688"
"2024-11-21","2024-11-25","BOD","STO","Stockholm","https://www.kayak.fr/flights/BOD-STO/2024-11-25?sort=bestflight_a","18:00","09:00+1","900","279.0","False","BOD","ARN","","","","","KLM","","Light","","","2024-11-25 18:00:00","2024-11-26 09:00:00","","4","Monday","evening","long","standard","7411537702569121674"
"2024-11-21","2024-11-25","BOD","STO","Stockholm","https://www.kayak.fr/flights/BOD-STO/2024-11-25?sort=bestflight_a","06:00","14:55","535","461.0","False","BOD","ARN","","","","","Air France","Scandinavian Airlines","Light","","","2024-11-25 06:00:00","2024-11-25 14:55:00","","4","Monday","morning","long","high","8292171346461213250"
"2024-11-21","2024-11-25","BOD","STO","Stockholm","https://www.kayak.fr/flights/BOD-STO/2024-11-25?sort=bestflight_a","18:00","10:35+1","995","279.0","False","BOD","ARN","0.0","0.0","AMS","660.0","easyJet","","Light","","","2024-11-25 18:00:00","2024-11-26 10:35:00","335.0","4","Monday","evening","long","standard","741156462913450241"
"2024-11-21","2024-11-26","BOD","STO","Stockholm","https://www.kayak.fr/flights/BOD-STO/2024-11-26?sort=bestflight_a","15:55","23:40","465","336.0","False","BOD","ARN","","","AMS","85.0","Scandinavian Airlines","","Light","","","2024-11-26 15:55:00","2024-11-26 23:40:00","380.0","5","Tuesday","afternoon","long","high","3441422413718583368"
"2024-11-21","2024-11-26","BOD","STO","Stockholm","https://www.kayak.fr/flights/BOD-STO/2024-11-26?sort=bestflight_a","18:00","22:55","295","828.0","False","BOD","ARN","","","CDG","700.0","Air France","KLM","Light","","","2024-11-26 18:00:00","2024-11-26 22:55:00","","5","Tuesday","evening","moyen","high","5688629834511637135"
"2024-11-21","2024-11-26","BOD","STO","Stockholm","https://www.kayak.fr/flights/BOD-STO/2024-11-26?sort=bestflight_a","14:50","23:25","515","281.0","False","BOD","ARN","","","CDG","795.0","SWISS","","Light","","","2024-11-26 14:50:00","2024-11-26 23:25:00","","5","Tuesday","afternoon","long","standard","8458625532979107727"
"2024-11-21","2024-11-26","BOD","STO","Stockholm","https://www.kayak.fr/flights/BOD-STO/2024-11-26?sort=bestflight_a","15:55","22:55","420","460.0","False","BOD","ARN","","","LYS","165.0","Volotea","Wizz Air","Light","","","2024-11-26 15:55:00","2024-11-26 22:55:00","255.0","5","Tuesday","afternoon","long","high","3483834757999886929"
"2024-11-21","2024-11-26","BOD","STO","Stockholm","https://www.kayak.fr/flights/BOD-STO/2024-11-26?sort=bestflight_a","08:55","16:55","480","329.0","False","BOD","ARN","","","","","easyJet","Norwegian","Light","","","2024-11-26 08:55:00","2024-11-26 16:55:00","","5","Tuesday","morning","long","standard","953143055659091017"
"2024-11-21","2024-11-26","BOD","STO","Stockholm","https://www.kayak.fr/flights/BOD-STO/2024-11-26?sort=bestflight_a","18:00","10:35+1","995","223.0","False","BOD","ARN","0.0","1.0","CDG","185.0","KLM","","Light","","","2024-11-26 18:00:00","2024-11-27 10:35:00","810.0","5","Tuesday","evening","long","standard","674638700196711972"
"2024-11-21","2024-11-27","BOD","STO","Stockholm","https://www.kayak.fr/flights/BOD-STO/2024-11-27?sort=bestflight_a","16:40","07:35+1","895","129.0","False","BOD","NYO","","","AMS","175.0","Volotea","Wizz Air","Light","","","2024-11-27 16:40:00","2024-11-28 07:35:00","720.0","6","Wednesday","afternoon","long","cheap","2828784526579469377"
"2024-11-21","2024-11-27","BOD","STO","Stockholm","https://www.kayak.fr/flights/BOD-STO/2024-11-27?sort=bestflight_a","18:25","23:40","315","565.0","False","BOD","ARN","","","AMS","410.0","Lufthansa","","Light","","","2024-11-27 18:25:00","2024-11-27 23:40:00","","6","Wednesday","evening","moyen","high","1559990481874660149"
"2024-11-21","2024-11-27","BOD","STO","Stockholm","https://www.kayak.fr/flights/BOD-STO/2024-11-27?sort=bestflight_a","06:50","16:25","575","251.0","False","BOD","ARN","","","AMS","660.0","Aer Lingus","Scandinavian Airlines","Light","","","2024-11-27 06:50:00","2024-11-27 16:25:00","","6","Wednesday","morning","long","standard","6839797239124497420"
"2024-11-21","2024-11-27","BOD","STO","Stockholm","https://www.kayak.fr/flights/BOD-STO/2024-11-27?sort=bestflight_a","18:00","10:35+1","995","206.0","False","BOD","ARN","","","LGW-LHR","","KLM","","Standard","","","2024-11-27 18:00:00","2024-11-28 10:35:00","","6","Wednesday","evening","long","standard","8354690260277061633"
"2024-11-21","2024-11-27","BOD","STO","Stockholm","https://www.kayak.fr/flights/BOD-STO/2024-11-27?sort=bestflight_a","15:55","23:40","465","454.0","False","BOD","ARN","","","CDG","185.0","Air France","","Go Light","","","2024-11-27 15:55:00","2024-11-27 23:40:00","280.0","6","Wednesday","afternoon","long","high","7544292702419957150"
"2024-11-21","2024-11-27","BOD","STO","Stockholm","https://www.kayak.fr/flights/BOD-STO/2024-11-27?sort=bestflight_a","06:40","16:35","595","262.0","False","BOD","ARN","0.0","0.0","LGW","105.0","easyJet","Norwegian","Light","","","2024-11-27 06:40:00","2024-11-27 16:35:00","490.0","6","Wednesday","morning","long","standard","689509460065121545"
"2024-11-21","2024-11-28","BOD","STO","Stockholm","https://www.kayak.fr/flights/BOD-STO/2024-11-28?sort=bestflight_a","06:00","11:50","350","678.0","False","BOD","ARN","","","CDG","220.0","Scandinavian Airlines","","Light","","","2024-11-28 06:00:00","2024-11-28 11:50:00","130.0","7","Thursday","morning","moyen","high","677801741899192463"
"2024-11-21","2024-11-28","BOD","STO","Stockholm","https://www.kayak.fr/flights/BOD-STO/2024-11-28?sort=bestflight_a","13:50","22:30","520","290.0","False","BOD","ARN","","","BER","1280.0","easyJet","Norwegian","Light","","","2024-11-28 13:50:00","2024-11-28 22:30:00","","7","Thursday","afternoon","long","standard","3624774088745507110"
"2024-11-21","2024-11-28","BOD","STO","Stockholm","https://www.kayak.fr/flights/BOD-STO/2024-11-28?sort=bestflight_a","06:00","12:45","405","665.0","False","BOD","ARN","","","LYS","165.0","Air France","KLM","Light","","","2024-11-28 06:00:00","2024-11-28 12:45:00","240.0","7","Thursday","morning","long","high","8528146647265031806"
"2024-11-21","2024-11-28","BOD","STO","Stockholm","https://www.kayak.fr/flights/BOD-STO/2024-11-28?sort=bestflight_a","15:55","23:50","475","422.0","False","BOD","ARN","","","","","Finnair","","Light","","","2024-11-28 15:55:00","2024-11-28 23:50:00","","7","Thursday","afternoon","long","high","4680663011003614312"
"2024-11-21","2024-11-28","BOD","STO","Stockholm","https://www.kayak.fr/flights/BOD-STO/2024-11-28?sort=bestflight_a","13:50","23:40","590","271.0","False","BOD","ARN","0.0","1.0","BER","250.0","KLM","","Standard","","","2024-11-28 13:50:00","2024-11-28 23:40:00","340.0","7","Thursday","afternoon","long","standard","5975480285748610333"
"2024-11-21","2024-11-29","BOD","STO","Stockholm","https://www.kayak.fr/flights/BOD-STO/2024-11-29?sort=bestflight_a","06:00","12:45","405","594.0","False","BOD","ARN","","","","","KLM","","Economy","","","2024-11-29 06:00:00","2024-11-29 12:45:00","","8","Friday","morning","long","high","5166638087831228723"
"2024-11-21","2024-11-29","BOD","STO","Stockholm","https://www.kayak.fr/flights/BOD-STO/2024-11-29?sort=bestflight_a","10:50","20:15","565","331.0","False","BOD","ARN","","","MAD","600.0","Volotea","Iberia","Economy","","","2024-11-29 10:50:00","2024-11-29 20:15:00","","8","Friday","morning","long","standard","4423943451103470907"
"2024-11-21","2024-11-29","BOD","STO","Stockholm","https://www.kayak.fr/flights/BOD-STO/2024-11-29?sort=bestflight_a","07:00","20:35","815","237.0","False","BOD","ARN","","","BCN","185.0","easyJet","Wizz Air","Economy","","","2024-11-29 07:00:00","2024-11-29 20:35:00","630.0","8","Friday","morning","long","standard","8561526792892561552"
"2024-11-21","2024-11-29","BOD","STO","Stockholm","https://www.kayak.fr/flights/BOD-STO/2024-11-29?sort=bestflight_a","15:55","00:10+1","495","498.0","False","BOD","ARN","0.0","1.0","FCO","60.0","Air France","","Economy","","","2024-11-29 15:55:00","2024-11-30 00:10:00","435.0","8","Friday","afternoon","long","high","8681642067425360496"
"2024-11-21","2024-11-30","BOD","STO","Stockholm","https://www.kayak.fr/flights/BOD-STO/2024-11-30?sort=bestflight_a","06:00","12:45","405","500.0","False","BOD","ARN","","","CDG","290.0","KLM","","Light","","","2024-11-30 06:00:00","2024-11-30 12:45:00","115.0","9","Saturday","morning","long","high","3675401563170824342"
"2024-11-21","2024-11-30","BOD","STO","Stockholm","https://www.kayak.fr/flights/BOD-STO/2024-11-30?sort=bestflight_a","06:00","11:50","350","610.0","False","BOD","ARN","","","RAK","505.0","SWISS","","Standard","","","2024-11-30 06:00:00","2024-11-30 11:50:00","","9","Saturday","morning","moyen","high","2280538328463495937"
"2024-11-21","2024-11-30","BOD","STO","Stockholm","https://www.kayak.fr/flights/BOD-STO/2024-11-30?sort=bestflight_a","10:40","17:10","390","607.0","False","BOD","ARN","","","CDG","110.0","Air France","","Go Light","","","2024-11-30 10:40:00","2024-11-30 17:10:00","280.0","9","Saturday","morning","long","high","5479019257299172487"
"2024-11-21","2024-11-30","BOD","STO","Stockholm","https://www.kayak.fr/flights/BOD-STO/2024-11-30?sort=bestflight_a","10:05","22:20","735","263.0","False","BOD","ARN","","","GVA","375.0","easyJet","Volotea","Standard","","","2024-11-30 10:05:00","2024-11-30 22:20:00","360.0","9","Saturday","morning","long","standard","4416760722512685758"
"2024-11-21","2024-11-30","BOD","STO","Stockholm","https://www.kayak.fr/flights/BOD-STO/2024-11-30?sort=bestflight_a","07:00","20:55","835","242.0","False","BOD","ARN","0.0","0.0","AGP","185.0","Volotea","Scandinavian Airlines","Economy Light","","","2024-11-30 07:00:00","2024-11-30 20:55:00","650.0","9","Saturday","morning","long","standard","1338196895147362442"
"2024-11-21","2024-12-01","BOD","STO","Stockholm","https://www.kayak.fr/flights/BOD-STO/2024-12-01?sort=bestflight_a","15:35","23:50","495","367.0","False","BOD","ARN","","","BCN","85.0","Volotea","Ryanair","Economy","","","2024-12-01 15:35:00","2024-12-01 23:50:00","410.0","10","Sunday","afternoon","long","high","5923688206329321903"
"2024-11-21","2024-12-01","BOD","STO","Stockholm","https://www.kayak.fr/flights/BOD-STO/2024-12-01?sort=bestflight_a","08:10","22:25","855","214.0","False","BOD","ARN","","","CDG","220.0","easyJet","LOT","Light","","","2024-12-01 08:10:00","2024-12-01 22:25:00","635.0","10","Sunday","morning","long","standard","5712836242663157197"
"2024-11-21","2024-12-01","BOD","STO","Stockholm","https://www.kayak.fr/flights/BOD-STO/2024-12-01?sort=bestflight_a","06:00","16:35","635","463.0","False","BOD","ARN","","","BER","335.0","Air France","KLM","Standard","","","2024-12-01 06:00:00","2024-12-01 16:35:00","300.0","10","Sunday","morning","long","high","230973097920396776"
"2024-11-21","2024-12-01","BOD","STO","Stockholm","https://www.kayak.fr/flights/BOD-STO/2024-12-01?sort=bestflight_a","12:10","21:10","540","462.0","False","BOD","ARN","0.0","1.0","AMS","175.0","KLM","","Light","","","2024-12-01 12:10:00","2024-12-01 21:10:00","365.0","10","Sunday","afternoon","long","high","5779051754483088843"
"2024-11-21","2024-12-02","BOD","STO","Stockholm","https://www.kayak.fr/flights/BOD-STO/2024-12-02?sort=bestflight_a","06:00","14:55","535","459.0","False","BOD","ARN","","","NCE","235.0","Air France","Scandinavian Airlines","Standard","","","2024-12-02 06:00:00","2024-12-02 14:55:00","300.0","11","Monday","morning","long","high","6472317656585461841"
"2024-11-21","2024-12-02","BOD","STO","Stockholm","https://www.kayak.fr/flights/BOD-STO/2024-12-02?sort=bestflight_a","15:15","07:30+1","975","164.0","False","BOD","NYO","","","AMS","760.0","easyJet","Wizz Air","Light","","","2024-12-02 15:15:00","2024-12-03 07:30:00","215.0","11","Monday","afternoon","long","cheap","6204110691939631292"
"2024-11-21","2024-12-02","BOD","STO","Stockholm","https://www.kayak.fr/flights/BOD-STO/2024-12-02?sort=bestflight_a","20:10","11:50+1","940","269.0","False","BOD","ARN","0.0","1.0","LYS","165.0","KLM","","Light","","","2024-12-02 20:10:00","2024-12-03 11:50:00","775.0","11","Monday","evening","long","standard","2451399980606534638"
"2024-11-21","2024-12-03","BOD","STO","Stockholm","https://www.kayak.fr/flights/BOD-STO/2024-12-03?sort=bestflight_a","18:25","23:30","305","221.0","False","BOD","ARN","","","AMS","85.0","Lufthansa","","Go Light","","","2024-12-03 18:25:00","2024-12-03 23:30:00","220.0","12","Tuesday","evening","moyen","standard","7129102837830657449"
"2024-11-21","2024-12-03","BOD","STO","Stockholm","https://www.kayak.fr/flights/BOD-STO/2024-12-03?sort=bestflight_a","12:30","23:20","650","194.0","False","BOD","ARN","","","","","Scandinavian Airlines","","Light","","","2024-12-03 12:30:00","2024-12-03 23:20:00","","12","Tuesday","afternoon","long","cheap","629594351243477383"
"2024-11-21","2024-12-03","BOD","STO","Stockholm","https://www.kayak.fr/flights/BOD-STO/2024-12-03?sort=bestflight_a","14:35","00:10+1","575","163.0","False","BOD","ARN","","","ZRH","270.0","Volotea","Wizz Air","Economy Light","","","2024-12-03 14:35:00","2024-12-04 00:10:00","305.0","12","Tuesday","afternoon","long","cheap","5877850791850376188"
"2024-11-21","2024-12-03","BOD","STO","Stockholm","https://www.kayak.fr/flights/BOD-STO/2024-12-03?sort=bestflight_a","15:55","23:50","475","251.0","False","BOD","ARN","","","AMS","660.0","Air France","Finnair","Light","","","2024-12-03 15:55:00","2024-12-03 23:50:00","","12","Tuesday","afternoon","long","standard","6814610666177853468"
"2024-11-21","2024-12-03","BOD","STO","Stockholm","https://www.kayak.fr/flights/BOD-STO/2024-12-03?sort=bestflight_a","15:55","23:40","465","413.0","False","BOD","ARN","0.0","1.0","AMS","60.0","KLM","","Light","","","2024-12-03 15:55:00","2024-12-03 23:40:00","405.0","12","Tuesday","afternoon","long","high","7533951521047572191"
"2024-11-21","2024-12-04","BOD","STO","Stockholm","https://www.kayak.fr/flights/BOD-STO/2024-12-04?sort=bestflight_a","18:35","23:40","305","339.0","False","BOD","ARN","","","AMS","60.0","Air France","","Light","","","2024-12-04 18:35:00","2024-12-04 23:40:00","245.0","13","Wednesday","evening","moyen","high","2647313575829011516"
"2024-11-21","2024-12-04","BOD","STO","Stockholm","https://www.kayak.fr/flights/BOD-STO/2024-12-04?sort=bestflight_a","12:30","21:00","510","228.0","False","BOD","ARN","","","AMS","420.0","Lufthansa","","Go Light","","","2024-12-04 12:30:00","2024-12-04 21:00:00","90.0","13","Wednesday","afternoon","long","standard","3644025868224436034"
"2024-11-21","2024-12-04","BOD","STO","Stockholm","https://www.kayak.fr/flights/BOD-STO/2024-12-04?sort=bestflight_a","06:50","19:40","770","157.0","False","BOD","ARN","","","CDG","220.0","easyJet","Ryanair","Light","","","2024-12-04 06:50:00","2024-12-04 19:40:00","550.0","13","Wednesday","morning","long","cheap","7244745844768809175"
"2024-11-21","2024-12-04","BOD","STO","Stockholm","https://www.kayak.fr/flights/BOD-STO/2024-12-04?sort=bestflight_a","09:35","00:40+1","905","132.0","False","BOD","ARN","","","AMS","160.0","Volotea","Wizz Air","Light","","","2024-12-04 09:35:00","2024-12-05 00:40:00","745.0","13","Wednesday","morning","long","cheap","8068095239840627176"
"2024-11-21","2024-12-04","BOD","STO","Stockholm","https://www.kayak.fr/flights/BOD-STO/2024-12-04?sort=bestflight_a","09:35","00:40+1","905","135.0","False","BOD","ARN","","","AMS","760.0","Vueling","Ryanair","Light","","","2024-12-04 09:35:00","2024-12-05 00:40:00","145.0","13","Wednesday","morning","long","cheap","3961054441568858712"
"2024-11-21","2024-12-04","BOD","STO","Stockholm","https://www.kayak.fr/flights/BOD-STO/2024-12-04?sort=bestflight_a","12:30","23:20","650","215.0","False","BOD","ARN","0.0","0.0","AMS","85.0","KLM","Scandinavian Airlines","Economy Light","","","2024-12-04 12:30:00","2024-12-04 23:20:00","565.0","13","Wednesday","afternoon","long","standard","1196820324200172354"
"2024-11-21","2024-12-05","BOD","STO","Stockholm","https://www.kayak.fr/flights/BOD-STO/2024-12-05?sort=bestflight_a","18:30","23:40","310","264.0","False","BOD","ARN","","","MXP-BGY","","Lufthansa","","Standard","","","2024-12-05 18:30:00","2024-12-05 23:40:00","","14","Thursday","evening","moyen","standard","8485216478209086132"
"2024-11-21","2024-12-05","BOD","STO","Stockholm","https://www.kayak.fr/flights/BOD-STO/2024-12-05?sort=bestflight_a","15:55","22:55","420","278.0","False","BOD","ARN","","","","","Air France","KLM","Light","","","2024-12-05 15:55:00","2024-12-05 22:55:00","","14","Thursday","afternoon","long","standard","5537340436885648526"
"2024-11-21","2024-12-05","BOD","STO","Stockholm","https://www.kayak.fr/flights/BOD-STO/2024-12-05?sort=bestflight_a","12:40","22:45","605","201.0","False","BOD","ARN","","","AMS","160.0","easyJet","Eurowings","Light","","","2024-12-05 12:40:00","2024-12-05 22:45:00","445.0","14","Thursday","afternoon","long","standard","1505754085134982599"
"2024-11-21","2024-12-05","BOD","STO","Stockholm","https://www.kayak.fr/flights/BOD-STO/2024-12-05?sort=bestflight_a","12:30","23:20","650","228.0","False","BOD","ARN","","","CDG","220.0","Scandinavian Airlines","","Go Light","","","2024-12-05 12:30:00","2024-12-05 23:20:00","430.0","14","Thursday","afternoon","long","standard","3022851715371535555"
"2024-11-21","2024-12-05","BOD","STO","Stockholm","https://www.kayak.fr/flights/BOD-STO/2024-12-05?sort=bestflight_a","15:55","07:10+1","915","164.0","False","BOD","ARN","0.0","1.0","AMS","160.0","KLM","","Light","","","2024-12-05 15:55:00","2024-12-06 07:10:00","755.0","14","Thursday","afternoon","long","cheap","1484848424721174298"
"2024-11-21","2024-12-06","BOD","STO","Stockholm","https://www.kayak.fr/flights/BOD-STO/2024-12-06?sort=bestflight_a","15:55","23:50","475","166.0","False","BOD","ARN","","","CDG","45.0","Finnair","","Light","","","2024-12-06 15:55:00","2024-12-06 23:50:00","430.0","15","Friday","afternoon","long","cheap","9023030405843222053"
"2024-11-21","2024-12-06","BOD","STO","Stockholm","https://www.kayak.fr/flights/BOD-STO/2024-12-06?sort=bestflight_a","18:25","23:40","315","437.0","False","BOD","ARN","","","MAD","600.0","Lufthansa","","Economy","","","2024-12-06 18:25:00","2024-12-06 23:40:00","","15","Friday","evening","moyen","high","3653527454967855884"
"2024-11-21","2024-12-06","BOD","STO","Stockholm","https://www.kayak.fr/flights/BOD-STO/2024-12-06?sort=bestflight_a","06:00","12:45","405","343.0","False","BOD","ARN","","","AMS","655.0","KLM","","Light","","","2024-12-06 06:00:00","2024-12-06 12:45:00","","15","Friday","morning","long","high","6611723239111564377"
"2024-11-21","2024-12-06","BOD","STO","Stockholm","https://www.kayak.fr/flights/BOD-STO/2024-12-06?sort=bestflight_a","18:05","23:20","315","466.0","False","BOD","ARN","","","FRA","75.0","Scandinavian Airlines","","Economy Light","","","2024-12-06 18:05:00","2024-12-06 23:20:00","240.0","15","Friday","evening","moyen","high","1067417799873558590"
"2024-11-21","2024-12-06","BOD","STO","Stockholm","https://www.kayak.fr/flights/BOD-STO/2024-12-06?sort=bestflight_a","12:15","00:15+1","720","171.0","False","BOD","ARN","","","AMS","80.0","Volotea","Ryanair","Light","","","2024-12-06 12:15:00","2024-12-07 00:15:00","640.0","15","Friday","afternoon","long","cheap","1955886487435962357"
"2024-11-21","2024-12-06","BOD","STO","Stockholm","https://www.kayak.fr/flights/BOD-STO/2024-12-06?sort=bestflight_a","13:55","20:25","390","427.0","False","BOD","ARN","","","MAD","570.0","easyJet","Norwegian","Basic","","","2024-12-06 13:55:00","2024-12-06 20:25:00","","15","Friday","afternoon","long","high","4507899882708282361"
"2024-11-21","2024-12-06","BOD","STO","Stockholm","https://www.kayak.fr/flights/BOD-STO/2024-12-06?sort=bestflight_a","10:50","20:15","565","226.0","False","BOD","ARN","0.0","1.0","CDG","45.0","Air France","","Light","","","2024-12-06 10:50:00","2024-12-06 20:15:00","520.0","15","Friday","morning","long","standard","5089970066440917470"
"2024-11-21","2024-12-07","BOD","STO","Stockholm","https://www.kayak.fr/flights/BOD-STO/2024-12-07?sort=bestflight_a","14:40","23:25","525","185.0","False","BOD","ARN","","","AMS","50.0","SWISS","","Light","","","2024-12-07 14:40:00","2024-12-07 23:25:00","475.0","16","Saturday","afternoon","long","cheap","5377281148276512854"
"2024-11-21","2024-12-07","BOD","STO","Stockholm","https://www.kayak.fr/flights/BOD-STO/2024-12-07?sort=bestflight_a","13:20","23:50","630","166.0","False","BOD","ARN","","","BCN","755.0","Finnair","","Economy","","","2024-12-07 13:20:00","2024-12-07 23:50:00","","16","Saturday","afternoon","long","cheap","8845608844007213469"
"2024-11-21","2024-12-07","BOD","STO","Stockholm","https://www.kayak.fr/flights/BOD-STO/2024-12-07?sort=bestflight_a","06:00","12:45","405","440.0","False","BOD","ARN","","","AGP","105.0","Volotea","Ryanair","Light","","","2024-12-07 06:00:00","2024-12-07 12:45:00","300.0","16","Saturday","morning","long","high","4916279635182990642"
"2024-11-21","2024-12-07","BOD","STO","Stockholm","https://www.kayak.fr/flights/BOD-STO/2024-12-07?sort=bestflight_a","10:20","16:25","365","367.0","False","BOD","ARN","","","AMS","50.0","British Airways","Norwegian","Light","","","2024-12-07 10:20:00","2024-12-07 16:25:00","315.0","16","Saturday","morning","long","high","6351666091890243778"
"2024-11-21","2024-12-07","BOD","STO","Stockholm","https://www.kayak.fr/flights/BOD-STO/2024-12-07?sort=bestflight_a","09:05","23:55","890","169.0","False","BOD","ARN","","","AMS","395.0","Iberia","","Light","","","2024-12-07 09:05:00","2024-12-07 23:55:00","495.0","16","Saturday","morning","long","cheap","8359341684700768242"
"2024-11-21","2024-12-07","BOD","STO","Stockholm","https://www.kayak.fr/flights/BOD-STO/2024-12-07?sort=bestflight_a","08:15","22:10","835","174.0","False","BOD","ARN","","","BCN","675.0","Vueling","Ryanair","Light","","","2024-12-07 08:15:00","2024-12-07 22:10:00","160.0","16","Saturday","morning","long","cheap","404340209428210092"
"2024-11-21","2024-12-07","BOD","STO","Stockholm","https://www.kayak.fr/flights/BOD-STO/2024-12-07?sort=bestflight_a","06:00","17:10","670","314.0","False","BOD","ARN","","","AMS","235.0","Air France","","Light","","","2024-12-07 06:00:00","2024-12-07 17:10:00","435.0","16","Saturday","morning","long","standard","235998640775203156"
"2024-11-21","2024-12-07","BOD","STO","Stockholm","https://www.kayak.fr/flights/BOD-STO/2024-12-07?sort=bestflight_a","14:45","22:55","490","348.0","False","BOD","ARN","0.0","1.0","AMS","50.0","KLM","","Light","","","2024-12-07 14:45:00","2024-12-07 22:55:00","440.0","16","Saturday","afternoon","long","high","2756259825448812196"
"2024-11-21","2024-12-09","BOD","STO","Stockholm","https://www.kayak.fr/flights/BOD-STO/2024-12-09?sort=bestflight_a","18:00","23:20","320","480.0","False","BOD","ARN","","","","","KLM","Scandinavian Airlines","Light","","","2024-12-09 18:00:00","2024-12-09 23:20:00","","18","Monday","evening","moyen","high","1125883483866757122"
"2024-11-21","2024-12-09","BOD","STO","Stockholm","https://www.kayak.fr/flights/BOD-STO/2024-12-09?sort=bestflight_a","10:40","19:05","505","197.0","False","BOD","ARN","","","GVA","335.0","easyJet","Norwegian","Standard","","","2024-12-09 10:40:00","2024-12-09 19:05:00","170.0","18","Monday","morning","long","cheap","7908548497196453815"
"2024-11-21","2024-12-09","BOD","STO","Stockholm","https://www.kayak.fr/flights/BOD-STO/2024-12-09?sort=bestflight_a","06:00","16:35","635","261.0","False","BOD","ARN","0.0","1.0","CDG","55.0","Air France","","Light","","","2024-12-09 06:00:00","2024-12-09 16:35:00","580.0","18","Monday","morning","long","standard","2882123594614851742"
"2024-11-21","2024-12-11","BOD","STO","Stockholm","https://www.kayak.fr/flights/BOD-STO/2024-12-11?sort=bestflight_a","18:25","23:40","315","187.0","False","BOD","ARN","","","CDG","60.0","Lufthansa","","Light","","","2024-12-11 18:25:00","2024-12-11 23:40:00","255.0","20","Wednesday","evening","moyen","cheap","4722148846259883798"
"2024-11-21","2024-12-11","BOD","STO","Stockholm","https://www.kayak.fr/flights/BOD-STO/2024-12-11?sort=bestflight_a","16:40","07:35+1","895","83.0","False","BOD","NYO","","","AMS","85.0","Volotea","Wizz Air","Light","","","2024-12-11 16:40:00","2024-12-12 07:35:00","810.0","20","Wednesday","afternoon","long","cheap","4680137209364423030"
"2024-11-21","2024-12-11","BOD","STO","Stockholm","https://www.kayak.fr/flights/BOD-STO/2024-12-11?sort=bestflight_a","06:50","16:25","575","115.0","False","BOD","ARN","","","AMS","85.0","easyJet","Norwegian","Light","","","2024-12-11 06:50:00","2024-12-11 16:25:00","490.0","20","Wednesday","morning","long","cheap","6626306679660197074"
"2024-11-21","2024-12-11","BOD","STO","Stockholm","https://www.kayak.fr/flights/BOD-STO/2024-12-11?sort=bestflight_a","18:00","22:55","295","313.0","False","BOD","ARN","","","AMS","50.0","Vueling","Wizz Air","Go Light","","","2024-12-11 18:00:00","2024-12-11 22:55:00","245.0","20","Wednesday","evening","moyen","standard","7869297365652573461"
"2024-11-21","2024-12-11","BOD","STO","Stockholm","https://www.kayak.fr/flights/BOD-STO/2024-12-11?sort=bestflight_a","06:00","13:15","435","185.0","False","BOD","ARN","","","AMS","85.0","Scandinavian Airlines","","Light","","","2024-12-11 06:00:00","2024-12-11 13:15:00","350.0","20","Wednesday","morning","long","cheap","5754012190281068248"
"2024-11-21","2024-12-11","BOD","STO","Stockholm","https://www.kayak.fr/flights/BOD-STO/2024-12-11?sort=bestflight_a","06:00","12:45","405","221.0","False","BOD","ARN","","","","","Air France","KLM","Light","","","2024-12-11 06:00:00","2024-12-11 12:45:00","","20","Wednesday","morning","long","standard","4327115041819455180"
"2024-11-21","2024-12-11","BOD","STO","Stockholm","https://www.kayak.fr/flights/BOD-STO/2024-12-11?sort=bestflight_a","14:50","23:40","530","136.0","False","BOD","ARN","0.0","1.0","CDG","165.0","KLM","","Light","","","2024-12-11 14:50:00","2024-12-11 23:40:00","365.0","20","Wednesday","afternoon","long","cheap","169586501846494424"
"2024-11-21","2024-12-14","BOD","STO","Stockholm","https://www.kayak.fr/flights/BOD-STO/2024-12-14?sort=bestflight_a","14:50","23:40","530","157.0","False","BOD","ARN","","","CDG","110.0","Air France","","Light","","","2024-12-14 14:50:00","2024-12-14 23:40:00","420.0","23","Saturday","afternoon","long","cheap","3130063229058846444"
"2024-11-21","2024-12-14","BOD","STO","Stockholm","https://www.kayak.fr/flights/BOD-STO/2024-12-14?sort=bestflight_a","06:00","12:45","405","353.0","False","BOD","ARN","","","","","Scandinavian Airlines","","Light","","","2024-12-14 06:00:00","2024-12-14 12:45:00","","23","Saturday","morning","long","high","8439653159587079890"
"2024-11-21","2024-12-14","BOD","STO","Stockholm","https://www.kayak.fr/flights/BOD-STO/2024-12-14?sort=bestflight_a","06:05","22:10","965","105.0","False","BOD","ARN","","","ZRH","280.0","easyJet","Norwegian","Economy Light","","","2024-12-14 06:05:00","2024-12-14 22:10:00","685.0","23","Saturday","morning","long","cheap","2015514198362313578"
"2024-11-21","2024-12-14","BOD","STO","Stockholm","https://www.kayak.fr/flights/BOD-STO/2024-12-14?sort=bestflight_a","06:00","22:55","1015","141.0","False","BOD","ARN","","","CDG","145.0","KLM","","Light","","","2024-12-14 06:00:00","2024-12-14 22:55:00","870.0","23","Saturday","morning","long","cheap","6857842283288949799"
"2024-11-21","2024-12-14","BOD","STO","Stockholm","https://www.kayak.fr/flights/BOD-STO/2024-12-14?sort=bestflight_a","07:45","22:10","865","115.0","False","BOD","ARN","0.0","0.0","AGP","105.0","Volotea","Ryanair","Light","","","2024-12-14 07:45:00","2024-12-14 22:10:00","760.0","23","Saturday","morning","long","cheap","9009780043729017298"
"2024-11-21","2024-12-15","BOD","STO","Stockholm","https://www.kayak.fr/flights/BOD-STO/2024-12-15?sort=bestflight_a","11:55","23:40","705","120.0","False","BOD","ARN","","","AMS","100.0","Air France","","Light","","","2024-12-15 11:55:00","2024-12-15 23:40:00","605.0","24","Sunday","morning","long","cheap","2923988729550182984"
"2024-11-21","2024-12-15","BOD","STO","Stockholm","https://www.kayak.fr/flights/BOD-STO/2024-12-15?sort=bestflight_a","12:10","21:10","540","138.0","False","BOD","ARN","","","","","Volotea","Ryanair","Light","","","2024-12-15 12:10:00","2024-12-15 21:10:00","","24","Sunday","afternoon","long","cheap","1515261123914027489"
"2024-11-21","2024-12-15","BOD","STO","Stockholm","https://www.kayak.fr/flights/BOD-STO/2024-12-15?sort=bestflight_a","06:00","12:40","400","249.0","False","BOD","ARN","","","MXP-BGY","","Scandinavian Airlines","","Standard","","","2024-12-15 06:00:00","2024-12-15 12:40:00","","24","Sunday","morning","long","standard","371709109321223066"
"2024-11-21","2024-12-15","BOD","STO","Stockholm","https://www.kayak.fr/flights/BOD-STO/2024-12-15?sort=bestflight_a","10:40","17:10","390","269.0","False","BOD","ARN","0.0","1.0","AMS","175.0","KLM","","Light","","","2024-12-15 10:40:00","2024-12-15 17:10:00","215.0","24","Sunday","morning","long","standard","7535515876634324802"
"2024-11-21","2024-12-17","BOD","STO","Stockholm","https://www.kayak.fr/flights/BOD-STO/2024-12-17?sort=bestflight_a","18:35","23:40","305","135.0","False","BOD","ARN","","","AMS","60.0","Air France","","Light","","","2024-12-17 18:35:00","2024-12-17 23:40:00","245.0","26","Tuesday","evening","moyen","cheap","4935780434687423293"
"2024-11-21","2024-12-17","BOD","STO","Stockholm","https://www.kayak.fr/flights/BOD-STO/2024-12-17?sort=bestflight_a","14:35","22:25","470","103.0","False","BOD","ARN","","","AMS","175.0","Volotea","Ryanair","Light","","","2024-12-17 14:35:00","2024-12-17 22:25:00","295.0","26","Tuesday","afternoon","long","cheap","7750429626191200571"
"2024-11-21","2024-12-17","BOD","STO","Stockholm","https://www.kayak.fr/flights/BOD-STO/2024-12-17?sort=bestflight_a","18:25","23:30","305","186.0","False","BOD","ARN","","","","","Lufthansa","","Light","","","2024-12-17 18:25:00","2024-12-17 23:30:00","","26","Tuesday","evening","moyen","cheap","2770842640794039090"
"2024-11-21","2024-12-17","BOD","STO","Stockholm","https://www.kayak.fr/flights/BOD-STO/2024-12-17?sort=bestflight_a","18:00","22:55","295","274.0","False","BOD","ARN","","","CDG","220.0","Scandinavian Airlines","","Light","","","2024-12-17 18:00:00","2024-12-17 22:55:00","75.0","26","Tuesday","evening","moyen","standard","5728354263067887904"
"2024-11-21","2024-12-17","BOD","STO","Stockholm","https://www.kayak.fr/flights/BOD-STO/2024-12-17?sort=bestflight_a","12:30","19:00","390","220.0","False","BOD","ARN","","","AMS","50.0","KLM","","Go Light","","","2024-12-17 12:30:00","2024-12-17 19:00:00","340.0","26","Tuesday","afternoon","long","standard","6938617146489986451"
"2024-11-21","2024-12-17","BOD","STO","Stockholm","https://www.kayak.fr/flights/BOD-STO/2024-12-17?sort=bestflight_a","06:00","11:50","350","265.0","False","BOD","ARN","0.0","0.0","LGW","180.0","easyJet","Ryanair","Standard","","","2024-12-17 06:00:00","2024-12-17 11:50:00","170.0","26","Tuesday","morning","moyen","standard","7870122799588871383"
"2024-11-21","2024-12-18","BOD","STO","Stockholm","https://www.kayak.fr/flights/BOD-STO/2024-12-18?sort=bestflight_a","18:25","23:40","315","182.0","False","BOD","ARN","","","CDG","60.0","Lufthansa","","Light","","","2024-12-18 18:25:00","2024-12-18 23:40:00","255.0","27","Wednesday","evening","moyen","cheap","4254772376294402402"
"2024-11-21","2024-12-18","BOD","STO","Stockholm","https://www.kayak.fr/flights/BOD-STO/2024-12-18?sort=bestflight_a","06:00","10:35","275","295.0","False","BOD","ARN","","","AMS","160.0","Scandinavian Airlines","","Light","","","2024-12-18 06:00:00","2024-12-18 10:35:00","115.0","27","Wednesday","morning","moyen","standard","7700760324635910373"
"2024-11-21","2024-12-18","BOD","STO","Stockholm","https://www.kayak.fr/flights/BOD-STO/2024-12-18?sort=bestflight_a","12:30","19:00","390","226.0","False","BOD","ARN","","","AMS","50.0","Air France","KLM","Go Light","","","2024-12-18 12:30:00","2024-12-18 19:00:00","340.0","27","Wednesday","afternoon","long","standard","2254184134422204691"
"2024-11-21","2024-12-18","BOD","STO","Stockholm","https://www.kayak.fr/flights/BOD-STO/2024-12-18?sort=bestflight_a","15:55","22:55","420","278.0","False","BOD","ARN","","","AMS","205.0","Vueling","Norwegian","Go Light","","","2024-12-18 15:55:00","2024-12-18 22:55:00","215.0","27","Wednesday","afternoon","long","standard","7803986099909081596"
"2024-11-21","2024-12-18","BOD","STO","Stockholm","https://www.kayak.fr/flights/BOD-STO/2024-12-18?sort=bestflight_a","07:15","18:05","650","121.0","False","BOD","ARN","","","FCO","125.0","easyJet","Ryanair","Economy","","","2024-12-18 07:15:00","2024-12-18 18:05:00","525.0","27","Wednesday","morning","long","cheap","349479955833112407"
"2024-11-21","2024-12-18","BOD","STO","Stockholm","https://www.kayak.fr/flights/BOD-STO/2024-12-18?sort=bestflight_a","06:00","19:00","780","141.0","False","BOD","ARN","","","","60.0","KLM","","","","","2024-12-18 06:00:00","2024-12-18 19:00:00","720.0","27","Wednesday","morning","long","cheap","835067563436579042"
"2024-11-21","2024-12-20","BOD","STO","Stockholm","https://www.kayak.fr/flights/BOD-STO/2024-12-20?sort=bestflight_a","18:05","22:55","290","411.0","False","BOD","ARN","","","CDG","60.0","KLM","","Light","","","2024-12-20 18:05:00","2024-12-20 22:55:00","230.0","29","Friday","evening","moyen","high","7449447727134084884"
"2024-11-21","2024-12-20","BOD","STO","Stockholm","https://www.kayak.fr/flights/BOD-STO/2024-12-20?sort=bestflight_a","06:00","11:50","350","448.0","False","BOD","ARN","","","BCN","540.0","Volotea","Norwegian","Economy","","","2024-12-20 06:00:00","2024-12-20 11:50:00","","29","Friday","morning","moyen","high","6628297257248618825"
"2024-11-21","2024-12-20","BOD","STO","Stockholm","https://www.kayak.fr/flights/BOD-STO/2024-12-20?sort=bestflight_a","06:00","12:45","405","463.0","False","BOD","ARN","","","AMS","175.0","Air France","KLM","Light","","","2024-12-20 06:00:00","2024-12-20 12:45:00","230.0","29","Friday","morning","long","high","6549967441561441970"
"2024-11-21","2024-12-20","BOD","STO","Stockholm","https://www.kayak.fr/flights/BOD-STO/2024-12-20?sort=bestflight_a","15:55","22:55","420","466.0","False","BOD","ARN","","","","","Scandinavian Airlines","","Economy","","","2024-12-20 15:55:00","2024-12-20 22:55:00","","29","Friday","afternoon","long","high","2503925691551076834"
"2024-11-21","2024-12-20","BOD","STO","Stockholm","https://www.kayak.fr/flights/BOD-STO/2024-12-20?sort=bestflight_a","09:45","20:15","630","228.0","False","BOD","ARN","","","AGP","60.0","Vueling","Norwegian","Economy","","","2024-12-20 09:45:00","2024-12-20 20:15:00","570.0","29","Friday","morning","long","standard","1939266483911938894"
"2024-11-21","2024-12-20","BOD","STO","Stockholm","https://www.kayak.fr/flights/BOD-STO/2024-12-20?sort=bestflight_a","19:45","07:30+1","705","214.0","False","BOD","ARN","0.0","0.0","NCE","85.0","easyJet","Scandinavian Airlines","Economy","","","2024-12-20 19:45:00","2024-12-21 07:30:00","620.0","29","Friday","evening","long","standard","6986993796144236702"
"2024-11-21","2024-12-21","BOD","STO","Stockholm","https://www.kayak.fr/flights/BOD-STO/2024-12-21?sort=bestflight_a","06:00","10:35","275","765.0","False","BOD","ARN","","","AMS","50.0","KLM","","Light","","","2024-12-21 06:00:00","2024-12-21 10:35:00","225.0","30","Saturday","morning","moyen","high","6788302055120181686"
"2024-11-21","2024-12-21","BOD","STO","Stockholm","https://www.kayak.fr/flights/BOD-STO/2024-12-21?sort=bestflight_a","12:30","22:55","625","889.0","False","BOD","ARN","0.0","1.0","AMS","395.0","Air France","","Affaires","","","2024-12-21 12:30:00","2024-12-21 22:55:00","230.0","30","Saturday","afternoon","long","high","5258351994667607156"
"2024-11-21","2024-12-22","BOD","STO","Stockholm","https://www.kayak.fr/flights/BOD-STO/2024-12-22?sort=bestflight_a","15:35","07:30+1","955","162.0","False","BOD","ARN","0.0","1.0","CDG","60.0","Air France","","Light","","","2024-12-22 15:35:00","2024-12-23 07:30:00","895.0","31","Sunday","afternoon","long","cheap","1195395959157847503"
"2024-11-21","2024-12-22","BOD","STO","Stockholm","https://www.kayak.fr/flights/BOD-STO/2024-12-22?sort=bestflight_a","15:35","00:30+1","535","179.0","False","BOD","ARN","","","","","easyJet","Ryanair","Standard","","","2024-12-22 15:35:00","2024-12-23 00:30:00","","31","Sunday","afternoon","long","cheap","6271473572113415594"
"2024-11-21","2024-12-23","BOD","STO","Stockholm","https://www.kayak.fr/flights/BOD-STO/2024-12-23?sort=bestflight_a","15:15","23:00","465","199.0","False","BOD","ARN","","","AMS","60.0","easyJet","Scandinavian Airlines","Light","","","2024-12-23 15:15:00","2024-12-23 23:00:00","405.0","32","Monday","afternoon","long","cheap","77069258130711309"
"2024-11-21","2024-12-23","BOD","STO","Stockholm","https://www.kayak.fr/flights/BOD-STO/2024-12-23?sort=bestflight_a","18:35","23:40","305","441.0","False","BOD","ARN","","","AMS","160.0","Scandinavian Airlines","","Light","","","2024-12-23 18:35:00","2024-12-23 23:40:00","145.0","32","Monday","evening","moyen","high","7204824586210118486"
"2024-11-21","2024-12-23","BOD","STO","Stockholm","https://www.kayak.fr/flights/BOD-STO/2024-12-23?sort=bestflight_a","15:55","22:55","420","386.0","False","BOD","ARN","","","","","Air France","","Standard","","","2024-12-23 15:55:00","2024-12-23 22:55:00","","32","Monday","afternoon","long","high","5509336994940237355"
"2024-11-21","2024-12-23","BOD","STO","Stockholm","https://www.kayak.fr/flights/BOD-STO/2024-12-23?sort=bestflight_a","09:55","18:35","520","300.0","False","BOD","ARN","","","MXP","75.0","Vueling","Iberia","Standard","","","2024-12-23 09:55:00","2024-12-23 18:35:00","445.0","32","Monday","morning","long","standard","5977959956563993982"
"2024-11-21","2024-12-23","BOD","STO","Stockholm","https://www.kayak.fr/flights/BOD-STO/2024-12-23?sort=bestflight_a","18:00","09:00+1","900","188.0","False","BOD","ARN","0.0","1.0","AMS","60.0","KLM","","Standard","","","2024-12-23 18:00:00","2024-12-24 09:00:00","840.0","32","Monday","evening","long","cheap","8916349459742166830"
"2024-11-21","2024-12-24","BOD","STO","Stockholm","https://www.kayak.fr/flights/BOD-STO/2024-12-24?sort=bestflight_a","18:00","09:00+1","900","121.0","False","BOD","ARN","","","AMS","660.0","KLM","","Light","","","2024-12-24 18:00:00","2024-12-25 09:00:00","240.0","33","Tuesday","evening","long","cheap","6959415446663944467"
"2024-11-21","2024-12-26","BOD","STO","Stockholm","https://www.kayak.fr/flights/BOD-STO/2024-12-26?sort=bestflight_a","12:30","21:00","510","","False","BOD","ARN","","","AMS","275.0","KLM","","Light","","","2024-12-26 12:30:00","2024-12-26 21:00:00","235.0","35","Thursday","afternoon","long","cheap","3204635817425036328"
"2024-11-21","2024-11-21","BOD","STO","Stockholm","https://www.kayak.fr/flights/BOD-STO/2024-11-21?sort=bestflight_a","18:00","09:00+1","900","","False","BOD","ARN","N/A","N/A","FRA","70.0","Lufthansa","N/A","Standard","N/A","N/A","2024-11-21 18:00:00","2024-11-22 09:00:00","830.0","0","Thursday","evening","long","cheap","91974424941083124"
"2024-11-21","2024-11-21","BOD","STO","Stockholm","https://www.kayak.fr/flights/BOD-STO/2024-11-21?sort=bestflight_a","18:00","10:35+1","995","","False","BOD","ARN","N/A","N/A","MXP","400.0","KLM","N/A","Standard","N/A","N/A","2024-11-21 18:00:00","2024-11-22 10:35:00","595.0","0","Thursday","evening","long","cheap","6529045545447457732"
"2024-11-21","2024-11-21","BOD","STO","Stockholm","https://www.kayak.fr/flights/BOD-STO/2024-11-21?sort=bestflight_a","21:50","07:25+2","2015","222.0","False","BOD","ARN","N/A","N/A","AMS","660.0","easyJet","Wizz Air","Affaires","N/A","N/A","2024-11-21 21:50:00","","1355.0","0","Thursday","evening","long","standard","1260914364066752523"
"2024-11-21","2024-11-22","BOD","STO","Stockholm","https://www.kayak.fr/flights/BOD-STO/2024-11-22?sort=bestflight_a","13:35","23:50","615","295.0","False","BOD","ARN","N/A","N/A","AMS","50.0","Volotea","Wizz Air","Light","N/A","N/A","2024-11-22 13:35:00","2024-11-22 23:50:00","565.0","1","Friday","afternoon","long","standard","8404945276181330086"
"2024-11-21","2024-11-22","BOD","STO","Stockholm","https://www.kayak.fr/flights/BOD-STO/2024-11-22?sort=bestflight_a","09:05","23:55","890","248.0","False","BOD","ARN","N/A","N/A","MAD","600.0","Iberia","N/A","Economy","N/A","N/A","2024-11-22 09:05:00","2024-11-22 23:55:00","290.0","1","Friday","morning","long","standard","3635974599544898776"
"2024-11-21","2024-11-22","BOD","STO","Stockholm","https://www.kayak.fr/flights/BOD-STO/2024-11-22?sort=bestflight_a","15:55","00:10+1","495","501.0","False","BOD","ARN","N/A","N/A","CDG","45.0","Air France","Scandinavian Airlines","Light","N/A","N/A","2024-11-22 15:55:00","2024-11-23 00:10:00","450.0","1","Friday","afternoon","long","high","1587516202275742441"
"2024-11-21","2024-11-22","BOD","STO","Stockholm","https://www.kayak.fr/flights/BOD-STO/2024-11-22?sort=bestflight_a","15:55","00:10+1","495","527.0","False","BOD","ARN","N/A","N/A","N/A","","Scandinavian Airlines","N/A","Economy","N/A","N/A","2024-11-22 15:55:00","2024-11-23 00:10:00","","1","Friday","afternoon","long","high","3945844212705640866"
"2024-11-21","2024-11-22","BOD","STO","Stockholm","https://www.kayak.fr/flights/BOD-STO/2024-11-22?sort=bestflight_a","12:15","23:55","700","289.0","False","BOD","ARN","N/A","N/A","FCO","60.0","easyJet","Iberia","Economy","N/A","N/A","2024-11-22 12:15:00","2024-11-22 23:55:00","640.0","1","Friday","afternoon","long","standard","6930831954817138038"
"2024-11-21","2024-11-22","BOD","STO","Stockholm","https://www.kayak.fr/flights/BOD-STO/2024-11-22?sort=bestflight_a","09:45","23:55","850","234.0","False","BOD","ARN","0","1","AMS","50.0","KLM","N/A","Economy","N/A","N/A","2024-11-22 09:45:00","2024-11-22 23:55:00","800.0","1","Friday","morning","long","standard","2352766549654781521"
"2024-11-21","2024-11-23","BOD","STO","Stockholm","https://www.kayak.fr/flights/BOD-STO/2024-11-23?sort=bestflight_a","06:00","13:40","460","481.0","False","BOD","ARN","N/A","N/A","BCN","480.0","KLM","Scandinavian Airlines","Economy","N/A","N/A","2024-11-23 06:00:00","2024-11-23 13:40:00","","2","Saturday","morning","long","high","6469168692958094957"
"2024-11-21","2024-11-23","BOD","STO","Stockholm","https://www.kayak.fr/flights/BOD-STO/2024-11-23?sort=bestflight_a","15:30","23:30","480","445.0","False","BOD","ARN","N/A","N/A","MRS","220.0","Volotea","Ryanair","Standard","N/A","N/A","2024-11-23 15:30:00","2024-11-23 23:30:00","260.0","2","Saturday","afternoon","long","high","5299893613274094063"
"2024-11-21","2024-11-23","BOD","STO","Stockholm","https://www.kayak.fr/flights/BOD-STO/2024-11-23?sort=bestflight_a","06:00","17:10","670","442.0","False","BOD","ARN","N/A","N/A","ZRH","280.0","Vueling","Ryanair","Economy Light","N/A","N/A","2024-11-23 06:00:00","2024-11-23 17:10:00","390.0","2","Saturday","morning","long","high","2414905749211859425"
"2024-11-21","2024-11-23","BOD","STO","Stockholm","https://www.kayak.fr/flights/BOD-STO/2024-11-23?sort=bestflight_a","13:20","23:40","620","482.0","False","BOD","ARN","N/A","N/A","MRS","220.0","Air France","N/A","Standard","N/A","N/A","2024-11-23 13:20:00","2024-11-23 23:40:00","400.0","2","Saturday","afternoon","long","high","8611225733363994776"
"2024-11-21","2024-11-23","BOD","STO","Stockholm","https://www.kayak.fr/flights/BOD-STO/2024-11-23?sort=bestflight_a","06:00","14:30","510","522.0","False","BOD","ARN","0","0","GVA","145.0","easyJet","SWISS","Light","N/A","N/A","2024-11-23 06:00:00","2024-11-23 14:30:00","365.0","2","Saturday","morning","long","high","7319626933889573602"
"2024-11-21","2024-11-24","BOD","STO","Stockholm","https://www.kayak.fr/flights/BOD-STO/2024-11-24?sort=bestflight_a","18:30","23:30","300","516.0","False","BOD","ARN","N/A","N/A","CDG","60.0","Lufthansa","N/A","Light","N/A","N/A","2024-11-24 18:30:00","2024-11-24 23:30:00","240.0","3","Sunday","evening","moyen","high","6215033636210421899"
"2024-11-21","2024-11-24","BOD","STO","Stockholm","https://www.kayak.fr/flights/BOD-STO/2024-11-24?sort=bestflight_a","18:35","23:40","305","613.0","False","BOD","ARN","N/A","N/A","FCO","220.0","Scandinavian Airlines","N/A","Economy","N/A","N/A","2024-11-24 18:35:00","2024-11-24 23:40:00","85.0","3","Sunday","evening","moyen","high","1776513452813096993"
"2024-11-21","2024-11-24","BOD","STO","Stockholm","https://www.kayak.fr/flights/BOD-STO/2024-11-24?sort=bestflight_a","06:00","12:40","400","481.0","False","BOD","ARN","N/A","N/A","CDG","60.0","KLM","Scandinavian Airlines","Go Light","N/A","N/A","2024-11-24 06:00:00","2024-11-24 12:40:00","340.0","3","Sunday","morning","long","high","7206647648830505254"
"2024-11-21","2024-11-24","BOD","STO","Stockholm","https://www.kayak.fr/flights/BOD-STO/2024-11-24?sort=bestflight_a","06:00","12:40","400","594.0","False","BOD","ARN","N/A","N/A","N/A","","Air France","Scandinavian Airlines","Light","N/A","N/A","2024-11-24 06:00:00","2024-11-24 12:40:00","","3","Sunday","morning","long","high","8658211900511686142"
"2024-11-21","2024-11-24","BOD","STO","Stockholm","https://www.kayak.fr/flights/BOD-STO/2024-11-24?sort=bestflight_a","14:55","23:25","510","394.0","False","BOD","ARN","N/A","N/A","BER","335.0","SWISS","N/A","Standard","N/A","N/A","2024-11-24 14:55:00","2024-11-24 23:25:00","175.0","3","Sunday","afternoon","long","high","4877819212004160532"
"2024-11-21","2024-11-24","BOD","STO","Stockholm","https://www.kayak.fr/flights/BOD-STO/2024-11-24?sort=bestflight_a","21:15","10:20+1","785","282.0","False","BOD","VST","N/A","N/A","CDG","220.0","British Airways","Ryanair","Light","N/A","N/A","2024-11-24 21:15:00","2024-11-25 10:20:00","565.0","3","Sunday","evening","long","standard","3125331207172306863"
"2024-11-21","2024-11-24","BOD","STO","Stockholm","https://www.kayak.fr/flights/BOD-STO/2024-11-24?sort=bestflight_a","21:15","10:10+1","775","308.0","False","BOD","ARN","0","0","ZRH","80.0","easyJet","SWISS","Light","N/A","N/A","2024-11-24 21:15:00","2024-11-25 10:10:00","695.0","3","Sunday","evening","long","standard","2680544726553592108"
"2024-11-21","2024-11-25","BOD","STO","Stockholm","https://www.kayak.fr/flights/BOD-STO/2024-11-25?sort=bestflight_a","18:25","23:40","315","450.0","False","BOD","ARN","N/A","N/A","CDG","205.0","Lufthansa","N/A","Light","N/A","N/A","2024-11-25 18:25:00","2024-11-25 23:40:00","110.0","4","Monday","evening","moyen","high","9029247831221821488"
"2024-11-21","2024-11-25","BOD","STO","Stockholm","https://www.kayak.fr/flights/BOD-STO/2024-11-25?sort=bestflight_a","15:55","23:25","450","441.0","False","BOD","ARN","N/A","N/A","CDG","185.0","Scandinavian Airlines","N/A","Light","N/A","N/A","2024-11-25 15:55:00","2024-11-25 23:25:00","265.0","4","Monday","afternoon","long","high","1281591926487634700"
"2024-11-21","2024-11-25","BOD","STO","Stockholm","https://www.kayak.fr/flights/BOD-STO/2024-11-25?sort=bestflight_a","18:00","09:00+1","900","279.0","False","BOD","ARN","N/A","N/A","N/A","","KLM","N/A","Light","N/A","N/A","2024-11-25 18:00:00","2024-11-26 09:00:00","","4","Monday","evening","long","standard","7284054514090340697"
"2024-11-21","2024-11-25","BOD","STO","Stockholm","https://www.kayak.fr/flights/BOD-STO/2024-11-25?sort=bestflight_a","06:00","14:55","535","461.0","False","BOD","ARN","N/A","N/A","N/A","","Air France","Scandinavian Airlines","Light","N/A","N/A","2024-11-25 06:00:00","2024-11-25 14:55:00","","4","Monday","morning","long","high","3073550155120062100"
"2024-11-21","2024-11-25","BOD","STO","Stockholm","https://www.kayak.fr/flights/BOD-STO/2024-11-25?sort=bestflight_a","18:00","10:35+1","995","279.0","False","BOD","ARN","0","0","AMS","660.0","easyJet","N/A","Light","N/A","N/A","2024-11-25 18:00:00","2024-11-26 10:35:00","335.0","4","Monday","evening","long","standard","4760570823929609466"
"2024-11-21","2024-11-26","BOD","STO","Stockholm","https://www.kayak.fr/flights/BOD-STO/2024-11-26?sort=bestflight_a","15:55","23:40","465","336.0","False","BOD","ARN","N/A","N/A","AMS","85.0","Scandinavian Airlines","N/A","Light","N/A","N/A","2024-11-26 15:55:00","2024-11-26 23:40:00","380.0","5","Tuesday","afternoon","long","high","9115980016435700958"
"2024-11-21","2024-11-26","BOD","STO","Stockholm","https://www.kayak.fr/flights/BOD-STO/2024-11-26?sort=bestflight_a","18:00","22:55","295","828.0","False","BOD","ARN","N/A","N/A","CDG","700.0","Air France","KLM","Light","N/A","N/A","2024-11-26 18:00:00","2024-11-26 22:55:00","","5","Tuesday","evening","moyen","high","7803659655443485019"
"2024-11-21","2024-11-26","BOD","STO","Stockholm","https://www.kayak.fr/flights/BOD-STO/2024-11-26?sort=bestflight_a","14:50","23:25","515","281.0","False","BOD","ARN","N/A","N/A","CDG","795.0","SWISS","N/A","Light","N/A","N/A","2024-11-26 14:50:00","2024-11-26 23:25:00","","5","Tuesday","afternoon","long","standard","2414409075524474622"
"2024-11-21","2024-11-26","BOD","STO","Stockholm","https://www.kayak.fr/flights/BOD-STO/2024-11-26?sort=bestflight_a","15:55","22:55","420","460.0","False","BOD","ARN","N/A","N/A","LYS","165.0","Volotea","Wizz Air","Light","N/A","N/A","2024-11-26 15:55:00","2024-11-26 22:55:00","255.0","5","Tuesday","afternoon","long","high","1536422460866974853"
"2024-11-21","2024-11-26","BOD","STO","Stockholm","https://www.kayak.fr/flights/BOD-STO/2024-11-26?sort=bestflight_a","08:55","16:55","480","329.0","False","BOD","ARN","N/A","N/A","N/A","","easyJet","Norwegian","Light","N/A","N/A","2024-11-26 08:55:00","2024-11-26 16:55:00","","5","Tuesday","morning","long","standard","6045940038844179245"
"2024-11-21","2024-11-26","BOD","STO","Stockholm","https://www.kayak.fr/flights/BOD-STO/2024-11-26?sort=bestflight_a","18:00","10:35+1","995","223.0","False","BOD","ARN","0","1","CDG","185.0","KLM","N/A","Light","N/A","N/A","2024-11-26 18:00:00","2024-11-27 10:35:00","810.0","5","Tuesday","evening","long","standard","4823124284189705887"
"2024-11-21","2024-11-27","BOD","STO","Stockholm","https://www.kayak.fr/flights/BOD-STO/2024-11-27?sort=bestflight_a","16:40","07:35+1","895","129.0","False","BOD","NYO","N/A","N/A","AMS","175.0","Volotea","Wizz Air","Light","N/A","N/A","2024-11-27 16:40:00","2024-11-28 07:35:00","720.0","6","Wednesday","afternoon","long","cheap","3853489486738829722"
"2024-11-21","2024-11-27","BOD","STO","Stockholm","https://www.kayak.fr/flights/BOD-STO/2024-11-27?sort=bestflight_a","18:25","23:40","315","565.0","False","BOD","ARN","N/A","N/A","AMS","410.0","Lufthansa","N/A","Light","N/A","N/A","2024-11-27 18:25:00","2024-11-27 23:40:00","","6","Wednesday","evening","moyen","high","5004191469910334755"
"2024-11-21","2024-11-27","BOD","STO","Stockholm","https://www.kayak.fr/flights/BOD-STO/2024-11-27?sort=bestflight_a","06:50","16:25","575","251.0","False","BOD","ARN","N/A","N/A","AMS","660.0","Aer Lingus","Scandinavian Airlines","Light","N/A","N/A","2024-11-27 06:50:00","2024-11-27 16:25:00","","6","Wednesday","morning","long","standard","2877939512339192305"
"2024-11-21","2024-11-27","BOD","STO","Stockholm","https://www.kayak.fr/flights/BOD-STO/2024-11-27?sort=bestflight_a","18:00","10:35+1","995","206.0","False","BOD","ARN","N/A","N/A","LGW-LHR","","KLM","N/A","Standard","N/A","N/A","2024-11-27 18:00:00","2024-11-28 10:35:00","","6","Wednesday","evening","long","standard","7382781427681573725"
"2024-11-21","2024-11-27","BOD","STO","Stockholm","https://www.kayak.fr/flights/BOD-STO/2024-11-27?sort=bestflight_a","15:55","23:40","465","454.0","False","BOD","ARN","N/A","N/A","CDG","185.0","Air France","N/A","Go Light","N/A","N/A","2024-11-27 15:55:00","2024-11-27 23:40:00","280.0","6","Wednesday","afternoon","long","high","7594195564953454278"
"2024-11-21","2024-11-27","BOD","STO","Stockholm","https://www.kayak.fr/flights/BOD-STO/2024-11-27?sort=bestflight_a","06:40","16:35","595","262.0","False","BOD","ARN","0","0","LGW","105.0","easyJet","Norwegian","Light","N/A","N/A","2024-11-27 06:40:00","2024-11-27 16:35:00","490.0","6","Wednesday","morning","long","standard","7586277486126923652"
"2024-11-21","2024-11-28","BOD","STO","Stockholm","https://www.kayak.fr/flights/BOD-STO/2024-11-28?sort=bestflight_a","06:00","11:50","350","678.0","False","BOD","ARN","N/A","N/A","CDG","220.0","Scandinavian Airlines","N/A","Light","N/A","N/A","2024-11-28 06:00:00","2024-11-28 11:50:00","130.0","7","Thursday","morning","moyen","high","883216193449056640"
"2024-11-21","2024-11-28","BOD","STO","Stockholm","https://www.kayak.fr/flights/BOD-STO/2024-11-28?sort=bestflight_a","13:50","22:30","520","290.0","False","BOD","ARN","N/A","N/A","BER","1280.0","easyJet","Norwegian","Light","N/A","N/A","2024-11-28 13:50:00","2024-11-28 22:30:00","","7","Thursday","afternoon","long","standard","6448311118272513744"
"2024-11-21","2024-11-28","BOD","STO","Stockholm","https://www.kayak.fr/flights/BOD-STO/2024-11-28?sort=bestflight_a","06:00","12:45","405","665.0","False","BOD","ARN","N/A","N/A","LYS","165.0","Air France","KLM","Light","N/A","N/A","2024-11-28 06:00:00","2024-11-28 12:45:00","240.0","7","Thursday","morning","long","high","6720727115037800404"
"2024-11-21","2024-11-28","BOD","STO","Stockholm","https://www.kayak.fr/flights/BOD-STO/2024-11-28?sort=bestflight_a","15:55","23:50","475","422.0","False","BOD","ARN","N/A","N/A","N/A","","Finnair","N/A","Light","N/A","N/A","2024-11-28 15:55:00","2024-11-28 23:50:00","","7","Thursday","afternoon","long","high","4550571160975581722"
"2024-11-21","2024-11-28","BOD","STO","Stockholm","https://www.kayak.fr/flights/BOD-STO/2024-11-28?sort=bestflight_a","13:50","23:40","590","271.0","False","BOD","ARN","0","1","BER","250.0","KLM","N/A","Standard","N/A","N/A","2024-11-28 13:50:00","2024-11-28 23:40:00","340.0","7","Thursday","afternoon","long","standard","937591693377681676"
"2024-11-21","2024-11-29","BOD","STO","Stockholm","https://www.kayak.fr/flights/BOD-STO/2024-11-29?sort=bestflight_a","06:00","12:45","405","594.0","False","BOD","ARN","N/A","N/A","N/A","","KLM","N/A","Economy","N/A","N/A","2024-11-29 06:00:00","2024-11-29 12:45:00","","8","Friday","morning","long","high","6504824998630890532"
"2024-11-21","2024-11-29","BOD","STO","Stockholm","https://www.kayak.fr/flights/BOD-STO/2024-11-29?sort=bestflight_a","10:50","20:15","565","331.0","False","BOD","ARN","N/A","N/A","MAD","600.0","Volotea","Iberia","Economy","N/A","N/A","2024-11-29 10:50:00","2024-11-29 20:15:00","","8","Friday","morning","long","standard","6677500503698844922"
"2024-11-21","2024-11-29","BOD","STO","Stockholm","https://www.kayak.fr/flights/BOD-STO/2024-11-29?sort=bestflight_a","07:00","20:35","815","237.0","False","BOD","ARN","N/A","N/A","BCN","185.0","easyJet","Wizz Air","Economy","N/A","N/A","2024-11-29 07:00:00","2024-11-29 20:35:00","630.0","8","Friday","morning","long","standard","1622961368703994740"
"2024-11-21","2024-11-29","BOD","STO","Stockholm","https://www.kayak.fr/flights/BOD-STO/2024-11-29?sort=bestflight_a","15:55","00:10+1","495","498.0","False","BOD","ARN","0","1","FCO","60.0","Air France","N/A","Economy","N/A","N/A","2024-11-29 15:55:00","2024-11-30 00:10:00","435.0","8","Friday","afternoon","long","high","3222644205539124408"
"2024-11-21","2024-11-30","BOD","STO","Stockholm","https://www.kayak.fr/flights/BOD-STO/2024-11-30?sort=bestflight_a","06:00","12:45","405","500.0","False","BOD","ARN","N/A","N/A","CDG","290.0","KLM","N/A","Light","N/A","N/A","2024-11-30 06:00:00","2024-11-30 12:45:00","115.0","9","Saturday","morning","long","high","1928431624725807369"
"2024-11-21","2024-11-30","BOD","STO","Stockholm","https://www.kayak.fr/flights/BOD-STO/2024-11-30?sort=bestflight_a","06:00","11:50","350","610.0","False","BOD","ARN","N/A","N/A","RAK","505.0","SWISS","N/A","Standard","N/A","N/A","2024-11-30 06:00:00","2024-11-30 11:50:00","","9","Saturday","morning","moyen","high","9075529274872243907"
"2024-11-21","2024-11-30","BOD","STO","Stockholm","https://www.kayak.fr/flights/BOD-STO/2024-11-30?sort=bestflight_a","10:40","17:10","390","607.0","False","BOD","ARN","N/A","N/A","CDG","110.0","Air France","N/A","Go Light","N/A","N/A","2024-11-30 10:40:00","2024-11-30 17:10:00","280.0","9","Saturday","morning","long","high","8760548246653423062"
"2024-11-21","2024-11-30","BOD","STO","Stockholm","https://www.kayak.fr/flights/BOD-STO/2024-11-30?sort=bestflight_a","10:05","22:20","735","263.0","False","BOD","ARN","N/A","N/A","GVA","375.0","easyJet","Volotea","Standard","N/A","N/A","2024-11-30 10:05:00","2024-11-30 22:20:00","360.0","9","Saturday","morning","long","standard","4581976596010559764"
"2024-11-21","2024-11-30","BOD","STO","Stockholm","https://www.kayak.fr/flights/BOD-STO/2024-11-30?sort=bestflight_a","07:00","20:55","835","242.0","False","BOD","ARN","0","0","AGP","185.0","Volotea","Scandinavian Airlines","Economy Light","N/A","N/A","2024-11-30 07:00:00","2024-11-30 20:55:00","650.0","9","Saturday","morning","long","standard","8667212776918089790"
"2024-11-21","2024-12-01","BOD","STO","Stockholm","https://www.kayak.fr/flights/BOD-STO/2024-12-01?sort=bestflight_a","15:35","23:50","495","367.0","False","BOD","ARN","N/A","N/A","BCN","85.0","Volotea","Ryanair","Economy","N/A","N/A","2024-12-01 15:35:00","2024-12-01 23:50:00","410.0","10","Sunday","afternoon","long","high","6332380903132251099"
"2024-11-21","2024-12-01","BOD","STO","Stockholm","https://www.kayak.fr/flights/BOD-STO/2024-12-01?sort=bestflight_a","08:10","22:25","855","214.0","False","BOD","ARN","N/A","N/A","CDG","220.0","easyJet","LOT","Light","N/A","N/A","2024-12-01 08:10:00","2024-12-01 22:25:00","635.0","10","Sunday","morning","long","standard","1413269919322168209"
"2024-11-21","2024-12-01","BOD","STO","Stockholm","https://www.kayak.fr/flights/BOD-STO/2024-12-01?sort=bestflight_a","06:00","16:35","635","463.0","False","BOD","ARN","N/A","N/A","BER","335.0","Air France","KLM","Standard","N/A","N/A","2024-12-01 06:00:00","2024-12-01 16:35:00","300.0","10","Sunday","morning","long","high","5804173034779214248"
"2024-11-21","2024-12-01","BOD","STO","Stockholm","https://www.kayak.fr/flights/BOD-STO/2024-12-01?sort=bestflight_a","12:10","21:10","540","462.0","False","BOD","ARN","0","1","AMS","175.0","KLM","N/A","Light","N/A","N/A","2024-12-01 12:10:00","2024-12-01 21:10:00","365.0","10","Sunday","afternoon","long","high","4695148520567570324"
"2024-11-21","2024-12-02","BOD","STO","Stockholm","https://www.kayak.fr/flights/BOD-STO/2024-12-02?sort=bestflight_a","06:00","14:55","535","459.0","False","BOD","ARN","N/A","N/A","NCE","235.0","Air France","Scandinavian Airlines","Standard","N/A","N/A","2024-12-02 06:00:00","2024-12-02 14:55:00","300.0","11","Monday","morning","long","high","5067135501811068776"
"2024-11-21","2024-12-02","BOD","STO","Stockholm","https://www.kayak.fr/flights/BOD-STO/2024-12-02?sort=bestflight_a","15:15","07:30+1","975","164.0","False","BOD","NYO","N/A","N/A","AMS","760.0","easyJet","Wizz Air","Light","N/A","N/A","2024-12-02 15:15:00","2024-12-03 07:30:00","215.0","11","Monday","afternoon","long","cheap","5520462878386601902"
"2024-11-21","2024-12-02","BOD","STO","Stockholm","https://www.kayak.fr/flights/BOD-STO/2024-12-02?sort=bestflight_a","20:10","11:50+1","940","269.0","False","BOD","ARN","0","1","LYS","165.0","KLM","N/A","Light","N/A","N/A","2024-12-02 20:10:00","2024-12-03 11:50:00","775.0","11","Monday","evening","long","standard","788219745711883444"
"2024-11-21","2024-12-03","BOD","STO","Stockholm","https://www.kayak.fr/flights/BOD-STO/2024-12-03?sort=bestflight_a","18:25","23:30","305","221.0","False","BOD","ARN","N/A","N/A","AMS","85.0","Lufthansa","N/A","Go Light","N/A","N/A","2024-12-03 18:25:00","2024-12-03 23:30:00","220.0","12","Tuesday","evening","moyen","standard","6289685711324586867"
"2024-11-21","2024-12-03","BOD","STO","Stockholm","https://www.kayak.fr/flights/BOD-STO/2024-12-03?sort=bestflight_a","12:30","23:20","650","194.0","False","BOD","ARN","N/A","N/A","N/A","","Scandinavian Airlines","N/A","Light","N/A","N/A","2024-12-03 12:30:00","2024-12-03 23:20:00","","12","Tuesday","afternoon","long","cheap","3586894787924798337"
"2024-11-21","2024-12-03","BOD","STO","Stockholm","https://www.kayak.fr/flights/BOD-STO/2024-12-03?sort=bestflight_a","14:35","00:10+1","575","163.0","False","BOD","ARN","N/A","N/A","ZRH","270.0","Volotea","Wizz Air","Economy Light","N/A","N/A","2024-12-03 14:35:00","2024-12-04 00:10:00","305.0","12","Tuesday","afternoon","long","cheap","191844441540829799"
"2024-11-21","2024-12-03","BOD","STO","Stockholm","https://www.kayak.fr/flights/BOD-STO/2024-12-03?sort=bestflight_a","15:55","23:50","475","251.0","False","BOD","ARN","N/A","N/A","AMS","660.0","Air France","Finnair","Light","N/A","N/A","2024-12-03 15:55:00","2024-12-03 23:50:00","","12","Tuesday","afternoon","long","standard","9089415996859874274"
"2024-11-21","2024-12-03","BOD","STO","Stockholm","https://www.kayak.fr/flights/BOD-STO/2024-12-03?sort=bestflight_a","15:55","23:40","465","413.0","False","BOD","ARN","0","1","AMS","60.0","KLM","N/A","Light","N/A","N/A","2024-12-03 15:55:00","2024-12-03 23:40:00","405.0","12","Tuesday","afternoon","long","high","8386125346867173697"
"2024-11-21","2024-12-04","BOD","STO","Stockholm","https://www.kayak.fr/flights/BOD-STO/2024-12-04?sort=bestflight_a","18:35","23:40","305","339.0","False","BOD","ARN","N/A","N/A","AMS","60.0","Air France","N/A","Light","N/A","N/A","2024-12-04 18:35:00","2024-12-04 23:40:00","245.0","13","Wednesday","evening","moyen","high","3179926847033595232"
"2024-11-21","2024-12-04","BOD","STO","Stockholm","https://www.kayak.fr/flights/BOD-STO/2024-12-04?sort=bestflight_a","12:30","21:00","510","228.0","False","BOD","ARN","N/A","N/A","AMS","420.0","Lufthansa","N/A","Go Light","N/A","N/A","2024-12-04 12:30:00","2024-12-04 21:00:00","90.0","13","Wednesday","afternoon","long","standard","4825817884443847717"
"2024-11-21","2024-12-04","BOD","STO","Stockholm","https://www.kayak.fr/flights/BOD-STO/2024-12-04?sort=bestflight_a","06:50","19:40","770","157.0","False","BOD","ARN","N/A","N/A","CDG","220.0","easyJet","Ryanair","Light","N/A","N/A","2024-12-04 06:50:00","2024-12-04 19:40:00","550.0","13","Wednesday","morning","long","cheap","421980041162092889"
"2024-11-21","2024-12-04","BOD","STO","Stockholm","https://www.kayak.fr/flights/BOD-STO/2024-12-04?sort=bestflight_a","09:35","00:40+1","905","132.0","False","BOD","ARN","N/A","N/A","AMS","160.0","Volotea","Wizz Air","Light","N/A","N/A","2024-12-04 09:35:00","2024-12-05 00:40:00","745.0","13","Wednesday","morning","long","cheap","7959860753083745316"
"2024-11-21","2024-12-04","BOD","STO","Stockholm","https://www.kayak.fr/flights/BOD-STO/2024-12-04?sort=bestflight_a","09:35","00:40+1","905","135.0","False","BOD","ARN","N/A","N/A","AMS","760.0","Vueling","Ryanair","Light","N/A","N/A","2024-12-04 09:35:00","2024-12-05 00:40:00","145.0","13","Wednesday","morning","long","cheap","4169288837749037324"
"2024-11-21","2024-12-04","BOD","STO","Stockholm","https://www.kayak.fr/flights/BOD-STO/2024-12-04?sort=bestflight_a","12:30","23:20","650","215.0","False","BOD","ARN","0","0","AMS","85.0","KLM","Scandinavian Airlines","Economy Light","N/A","N/A","2024-12-04 12:30:00","2024-12-04 23:20:00","565.0","13","Wednesday","afternoon","long","standard","4298512890595561399"
"2024-11-21","2024-12-05","BOD","STO","Stockholm","https://www.kayak.fr/flights/BOD-STO/2024-12-05?sort=bestflight_a","18:30","23:40","310","264.0","False","BOD","ARN","N/A","N/A","MXP-BGY","","Lufthansa","N/A","Standard","N/A","N/A","2024-12-05 18:30:00","2024-12-05 23:40:00","","14","Thursday","evening","moyen","standard","6635798719824429030"
"2024-11-21","2024-12-05","BOD","STO","Stockholm","https://www.kayak.fr/flights/BOD-STO/2024-12-05?sort=bestflight_a","15:55","22:55","420","278.0","False","BOD","ARN","N/A","N/A","N/A","","Air France","KLM","Light","N/A","N/A","2024-12-05 15:55:00","2024-12-05 22:55:00","","14","Thursday","afternoon","long","standard","510500362234211787"
"2024-11-21","2024-12-05","BOD","STO","Stockholm","https://www.kayak.fr/flights/BOD-STO/2024-12-05?sort=bestflight_a","12:40","22:45","605","201.0","False","BOD","ARN","N/A","N/A","AMS","160.0","easyJet","Eurowings","Light","N/A","N/A","2024-12-05 12:40:00","2024-12-05 22:45:00","445.0","14","Thursday","afternoon","long","standard","2580703921414171755"
"2024-11-21","2024-12-05","BOD","STO","Stockholm","https://www.kayak.fr/flights/BOD-STO/2024-12-05?sort=bestflight_a","12:30","23:20","650","228.0","False","BOD","ARN","N/A","N/A","CDG","220.0","Scandinavian Airlines","N/A","Go Light","N/A","N/A","2024-12-05 12:30:00","2024-12-05 23:20:00","430.0","14","Thursday","afternoon","long","standard","1433495855623419618"
"2024-11-21","2024-12-05","BOD","STO","Stockholm","https://www.kayak.fr/flights/BOD-STO/2024-12-05?sort=bestflight_a","15:55","07:10+1","915","164.0","False","BOD","ARN","0","1","AMS","160.0","KLM","N/A","Light","N/A","N/A","2024-12-05 15:55:00","2024-12-06 07:10:00","755.0","14","Thursday","afternoon","long","cheap","6219911926856878323"
"2024-11-21","2024-12-06","BOD","STO","Stockholm","https://www.kayak.fr/flights/BOD-STO/2024-12-06?sort=bestflight_a","15:55","23:50","475","166.0","False","BOD","ARN","N/A","N/A","CDG","45.0","Finnair","N/A","Light","N/A","N/A","2024-12-06 15:55:00","2024-12-06 23:50:00","430.0","15","Friday","afternoon","long","cheap","6650106599113627955"
"2024-11-21","2024-12-06","BOD","STO","Stockholm","https://www.kayak.fr/flights/BOD-STO/2024-12-06?sort=bestflight_a","18:25","23:40","315","437.0","False","BOD","ARN","N/A","N/A","MAD","600.0","Lufthansa","N/A","Economy","N/A","N/A","2024-12-06 18:25:00","2024-12-06 23:40:00","","15","Friday","evening","moyen","high","6064333178980480229"
"2024-11-21","2024-12-06","BOD","STO","Stockholm","https://www.kayak.fr/flights/BOD-STO/2024-12-06?sort=bestflight_a","06:00","12:45","405","343.0","False","BOD","ARN","N/A","N/A","AMS","655.0","KLM","N/A","Light","N/A","N/A","2024-12-06 06:00:00","2024-12-06 12:45:00","","15","Friday","morning","long","high","1760189737891775620"
"2024-11-21","2024-12-06","BOD","STO","Stockholm","https://www.kayak.fr/flights/BOD-STO/2024-12-06?sort=bestflight_a","18:05","23:20","315","466.0","False","BOD","ARN","N/A","N/A","FRA","75.0","Scandinavian Airlines","N/A","Economy Light","N/A","N/A","2024-12-06 18:05:00","2024-12-06 23:20:00","240.0","15","Friday","evening","moyen","high","3936132170652754075"
"2024-11-21","2024-12-06","BOD","STO","Stockholm","https://www.kayak.fr/flights/BOD-STO/2024-12-06?sort=bestflight_a","12:15","00:15+1","720","171.0","False","BOD","ARN","N/A","N/A","AMS","80.0","Volotea","Ryanair","Light","N/A","N/A","2024-12-06 12:15:00","2024-12-07 00:15:00","640.0","15","Friday","afternoon","long","cheap","8471018687271572697"
"2024-11-21","2024-12-06","BOD","STO","Stockholm","https://www.kayak.fr/flights/BOD-STO/2024-12-06?sort=bestflight_a","13:55","20:25","390","427.0","False","BOD","ARN","N/A","N/A","MAD","570.0","easyJet","Norwegian","Basic","N/A","N/A","2024-12-06 13:55:00","2024-12-06 20:25:00","","15","Friday","afternoon","long","high","5788716025787822323"
"2024-11-21","2024-12-06","BOD","STO","Stockholm","https://www.kayak.fr/flights/BOD-STO/2024-12-06?sort=bestflight_a","10:50","20:15","565","226.0","False","BOD","ARN","0","1","CDG","45.0","Air France","N/A","Light","N/A","N/A","2024-12-06 10:50:00","2024-12-06 20:15:00","520.0","15","Friday","morning","long","standard","672244705223020633"
"2024-11-21","2024-12-07","BOD","STO","Stockholm","https://www.kayak.fr/flights/BOD-STO/2024-12-07?sort=bestflight_a","14:40","23:25","525","185.0","False","BOD","ARN","N/A","N/A","AMS","50.0","SWISS","N/A","Light","N/A","N/A","2024-12-07 14:40:00","2024-12-07 23:25:00","475.0","16","Saturday","afternoon","long","cheap","3419088928498415483"
"2024-11-21","2024-12-07","BOD","STO","Stockholm","https://www.kayak.fr/flights/BOD-STO/2024-12-07?sort=bestflight_a","13:20","23:50","630","166.0","False","BOD","ARN","N/A","N/A","BCN","755.0","Finnair","N/A","Economy","N/A","N/A","2024-12-07 13:20:00","2024-12-07 23:50:00","","16","Saturday","afternoon","long","cheap","1475134156264000812"
"2024-11-21","2024-12-07","BOD","STO","Stockholm","https://www.kayak.fr/flights/BOD-STO/2024-12-07?sort=bestflight_a","06:00","12:45","405","440.0","False","BOD","ARN","N/A","N/A","AGP","105.0","Volotea","Ryanair","Light","N/A","N/A","2024-12-07 06:00:00","2024-12-07 12:45:00","300.0","16","Saturday","morning","long","high","8017983755308784744"
"2024-11-21","2024-12-07","BOD","STO","Stockholm","https://www.kayak.fr/flights/BOD-STO/2024-12-07?sort=bestflight_a","10:20","16:25","365","367.0","False","BOD","ARN","N/A","N/A","AMS","50.0","British Airways","Norwegian","Light","N/A","N/A","2024-12-07 10:20:00","2024-12-07 16:25:00","315.0","16","Saturday","morning","long","high","6157613158218948839"
"2024-11-21","2024-12-07","BOD","STO","Stockholm","https://www.kayak.fr/flights/BOD-STO/2024-12-07?sort=bestflight_a","09:05","23:55","890","169.0","False","BOD","ARN","N/A","N/A","AMS","395.0","Iberia","N/A","Light","N/A","N/A","2024-12-07 09:05:00","2024-12-07 23:55:00","495.0","16","Saturday","morning","long","cheap","7591036883307017832"
"2024-11-21","2024-12-07","BOD","STO","Stockholm","https://www.kayak.fr/flights/BOD-STO/2024-12-07?sort=bestflight_a","08:15","22:10","835","174.0","False","BOD","ARN","N/A","N/A","BCN","675.0","Vueling","Ryanair","Light","N/A","N/A","2024-12-07 08:15:00","2024-12-07 22:10:00","160.0","16","Saturday","morning","long","cheap","3154598456698361124"
"2024-11-21","2024-12-07","BOD","STO","Stockholm","https://www.kayak.fr/flights/BOD-STO/2024-12-07?sort=bestflight_a","06:00","17:10","670","314.0","False","BOD","ARN","N/A","N/A","AMS","235.0","Air France","N/A","Light","N/A","N/A","2024-12-07 06:00:00","2024-12-07 17:10:00","435.0","16","Saturday","morning","long","standard","1641399815483003981"
"2024-11-21","2024-12-07","BOD","STO","Stockholm","https://www.kayak.fr/flights/BOD-STO/2024-12-07?sort=bestflight_a","14:45","22:55","490","348.0","False","BOD","ARN","0","1","AMS","50.0","KLM","N/A","Light","N/A","N/A","2024-12-07 14:45:00","2024-12-07 22:55:00","440.0","16","Saturday","afternoon","long","high","8378423026146098623"
"2024-11-21","2024-12-09","BOD","STO","Stockholm","https://www.kayak.fr/flights/BOD-STO/2024-12-09?sort=bestflight_a","18:00","23:20","320","480.0","False","BOD","ARN","N/A","N/A","N/A","","KLM","Scandinavian Airlines","Light","N/A","N/A","2024-12-09 18:00:00","2024-12-09 23:20:00","","18","Monday","evening","moyen","high","3055254294644250349"
"2024-11-21","2024-12-09","BOD","STO","Stockholm","https://www.kayak.fr/flights/BOD-STO/2024-12-09?sort=bestflight_a","10:40","19:05","505","197.0","False","BOD","ARN","N/A","N/A","GVA","335.0","easyJet","Norwegian","Standard","N/A","N/A","2024-12-09 10:40:00","2024-12-09 19:05:00","170.0","18","Monday","morning","long","cheap","8848486403616064603"
"2024-11-21","2024-12-09","BOD","STO","Stockholm","https://www.kayak.fr/flights/BOD-STO/2024-12-09?sort=bestflight_a","06:00","16:35","635","261.0","False","BOD","ARN","0","1","CDG","55.0","Air France","N/A","Light","N/A","N/A","2024-12-09 06:00:00","2024-12-09 16:35:00","580.0","18","Monday","morning","long","standard","6826644958252747774"
"2024-11-21","2024-12-11","BOD","STO","Stockholm","https://www.kayak.fr/flights/BOD-STO/2024-12-11?sort=bestflight_a","18:25","23:40","315","187.0","False","BOD","ARN","N/A","N/A","CDG","60.0","Lufthansa","N/A","Light","N/A","N/A","2024-12-11 18:25:00","2024-12-11 23:40:00","255.0","20","Wednesday","evening","moyen","cheap","7879488595597875583"
"2024-11-21","2024-12-11","BOD","STO","Stockholm","https://www.kayak.fr/flights/BOD-STO/2024-12-11?sort=bestflight_a","16:40","07:35+1","895","83.0","False","BOD","NYO","N/A","N/A","AMS","85.0","Volotea","Wizz Air","Light","N/A","N/A","2024-12-11 16:40:00","2024-12-12 07:35:00","810.0","20","Wednesday","afternoon","long","cheap","701771767365852649"
"2024-11-21","2024-12-11","BOD","STO","Stockholm","https://www.kayak.fr/flights/BOD-STO/2024-12-11?sort=bestflight_a","06:50","16:25","575","115.0","False","BOD","ARN","N/A","N/A","AMS","85.0","easyJet","Norwegian","Light","N/A","N/A","2024-12-11 06:50:00","2024-12-11 16:25:00","490.0","20","Wednesday","morning","long","cheap","2212378287893756695"
"2024-11-21","2024-12-11","BOD","STO","Stockholm","https://www.kayak.fr/flights/BOD-STO/2024-12-11?sort=bestflight_a","18:00","22:55","295","313.0","False","BOD","ARN","N/A","N/A","AMS","50.0","Vueling","Wizz Air","Go Light","N/A","N/A","2024-12-11 18:00:00","2024-12-11 22:55:00","245.0","20","Wednesday","evening","moyen","standard","3488115288691103341"
"2024-11-21","2024-12-11","BOD","STO","Stockholm","https://www.kayak.fr/flights/BOD-STO/2024-12-11?sort=bestflight_a","06:00","13:15","435","185.0","False","BOD","ARN","N/A","N/A","AMS","85.0","Scandinavian Airlines","N/A","Light","N/A","N/A","2024-12-11 06:00:00","2024-12-11 13:15:00","350.0","20","Wednesday","morning","long","cheap","9092390794184011349"
"2024-11-21","2024-12-11","BOD","STO","Stockholm","https://www.kayak.fr/flights/BOD-STO/2024-12-11?sort=bestflight_a","06:00","12:45","405","221.0","False","BOD","ARN","N/A","N/A","N/A","","Air France","KLM","Light","N/A","N/A","2024-12-11 06:00:00","2024-12-11 12:45:00","","20","Wednesday","morning","long","standard","5969625108200765591"
"2024-11-21","2024-12-11","BOD","STO","Stockholm","https://www.kayak.fr/flights/BOD-STO/2024-12-11?sort=bestflight_a","14:50","23:40","530","136.0","False","BOD","ARN","0","1","CDG","165.0","KLM","N/A","Light","N/A","N/A","2024-12-11 14:50:00","2024-12-11 23:40:00","365.0","20","Wednesday","afternoon","long","cheap","6549983210138936336"
"2024-11-21","2024-12-14","BOD","STO","Stockholm","https://www.kayak.fr/flights/BOD-STO/2024-12-14?sort=bestflight_a","14:50","23:40","530","157.0","False","BOD","ARN","N/A","N/A","CDG","110.0","Air France","N/A","Light","N/A","N/A","2024-12-14 14:50:00","2024-12-14 23:40:00","420.0","23","Saturday","afternoon","long","cheap","6086858799882875557"
"2024-11-21","2024-12-14","BOD","STO","Stockholm","https://www.kayak.fr/flights/BOD-STO/2024-12-14?sort=bestflight_a","06:00","12:45","405","353.0","False","BOD","ARN","N/A","N/A","N/A","","Scandinavian Airlines","N/A","Light","N/A","N/A","2024-12-14 06:00:00","2024-12-14 12:45:00","","23","Saturday","morning","long","high","9163514780758110727"
"2024-11-21","2024-12-14","BOD","STO","Stockholm","https://www.kayak.fr/flights/BOD-STO/2024-12-14?sort=bestflight_a","06:05","22:10","965","105.0","False","BOD","ARN","N/A","N/A","ZRH","280.0","easyJet","Norwegian","Economy Light","N/A","N/A","2024-12-14 06:05:00","2024-12-14 22:10:00","685.0","23","Saturday","morning","long","cheap","111698240248889302"
"2024-11-21","2024-12-14","BOD","STO","Stockholm","https://www.kayak.fr/flights/BOD-STO/2024-12-14?sort=bestflight_a","06:00","22:55","1015","141.0","False","BOD","ARN","N/A","N/A","CDG","145.0","KLM","N/A","Light","N/A","N/A","2024-12-14 06:00:00","2024-12-14 22:55:00","870.0","23","Saturday","morning","long","cheap","4027510490781220478"
"2024-11-21","2024-12-14","BOD","STO","Stockholm","https://www.kayak.fr/flights/BOD-STO/2024-12-14?sort=bestflight_a","07:45","22:10","865","115.0","False","BOD","ARN","0","0","AGP","105.0","Volotea","Ryanair","Light","N/A","N/A","2024-12-14 07:45:00","2024-12-14 22:10:00","760.0","23","Saturday","morning","long","cheap","7124835762220167763"
"2024-11-21","2024-12-15","BOD","STO","Stockholm","https://www.kayak.fr/flights/BOD-STO/2024-12-15?sort=bestflight_a","11:55","23:40","705","120.0","False","BOD","ARN","N/A","N/A","AMS","100.0","Air France","N/A","Light","N/A","N/A","2024-12-15 11:55:00","2024-12-15 23:40:00","605.0","24","Sunday","morning","long","cheap","8556946223539912879"
"2024-11-21","2024-12-15","BOD","STO","Stockholm","https://www.kayak.fr/flights/BOD-STO/2024-12-15?sort=bestflight_a","12:10","21:10","540","138.0","False","BOD","ARN","N/A","N/A","N/A","","Volotea","Ryanair","Light","N/A","N/A","2024-12-15 12:10:00","2024-12-15 21:10:00","","24","Sunday","afternoon","long","cheap","6890835038781599411"
"2024-11-21","2024-12-15","BOD","STO","Stockholm","https://www.kayak.fr/flights/BOD-STO/2024-12-15?sort=bestflight_a","06:00","12:40","400","249.0","False","BOD","ARN","N/A","N/A","MXP-BGY","","Scandinavian Airlines","N/A","Standard","N/A","N/A","2024-12-15 06:00:00","2024-12-15 12:40:00","","24","Sunday","morning","long","standard","7388914072966133010"
"2024-11-21","2024-12-15","BOD","STO","Stockholm","https://www.kayak.fr/flights/BOD-STO/2024-12-15?sort=bestflight_a","10:40","17:10","390","269.0","False","BOD","ARN","0","1","AMS","175.0","KLM","N/A","Light","N/A","N/A","2024-12-15 10:40:00","2024-12-15 17:10:00","215.0","24","Sunday","morning","long","standard","4306724286060961492"
"2024-11-21","2024-12-17","BOD","STO","Stockholm","https://www.kayak.fr/flights/BOD-STO/2024-12-17?sort=bestflight_a","18:35","23:40","305","135.0","False","BOD","ARN","N/A","N/A","AMS","60.0","Air France","N/A","Light","N/A","N/A","2024-12-17 18:35:00","2024-12-17 23:40:00","245.0","26","Tuesday","evening","moyen","cheap","1048521561050198684"
"2024-11-21","2024-12-17","BOD","STO","Stockholm","https://www.kayak.fr/flights/BOD-STO/2024-12-17?sort=bestflight_a","14:35","22:25","470","103.0","False","BOD","ARN","N/A","N/A","AMS","175.0","Volotea","Ryanair","Light","N/A","N/A","2024-12-17 14:35:00","2024-12-17 22:25:00","295.0","26","Tuesday","afternoon","long","cheap","1622075750472425902"
"2024-11-21","2024-12-17","BOD","STO","Stockholm","https://www.kayak.fr/flights/BOD-STO/2024-12-17?sort=bestflight_a","18:25","23:30","305","186.0","False","BOD","ARN","N/A","N/A","N/A","","Lufthansa","N/A","Light","N/A","N/A","2024-12-17 18:25:00","2024-12-17 23:30:00","","26","Tuesday","evening","moyen","cheap","2107656894808142564"
"2024-11-21","2024-12-17","BOD","STO","Stockholm","https://www.kayak.fr/flights/BOD-STO/2024-12-17?sort=bestflight_a","18:00","22:55","295","274.0","False","BOD","ARN","N/A","N/A","CDG","220.0","Scandinavian Airlines","N/A","Light","N/A","N/A","2024-12-17 18:00:00","2024-12-17 22:55:00","75.0","26","Tuesday","evening","moyen","standard","4594054090177813149"
"2024-11-21","2024-12-17","BOD","STO","Stockholm","https://www.kayak.fr/flights/BOD-STO/2024-12-17?sort=bestflight_a","12:30","19:00","390","220.0","False","BOD","ARN","N/A","N/A","AMS","50.0","KLM","N/A","Go Light","N/A","N/A","2024-12-17 12:30:00","2024-12-17 19:00:00","340.0","26","Tuesday","afternoon","long","standard","8134901568067651827"
"2024-11-21","2024-12-17","BOD","STO","Stockholm","https://www.kayak.fr/flights/BOD-STO/2024-12-17?sort=bestflight_a","06:00","11:50","350","265.0","False","BOD","ARN","0","0","LGW","180.0","easyJet","Ryanair","Standard","N/A","N/A","2024-12-17 06:00:00","2024-12-17 11:50:00","170.0","26","Tuesday","morning","moyen","standard","3057580833634055616"
"2024-11-21","2024-12-18","BOD","STO","Stockholm","https://www.kayak.fr/flights/BOD-STO/2024-12-18?sort=bestflight_a","18:25","23:40","315","182.0","False","BOD","ARN","N/A","N/A","CDG","60.0","Lufthansa","N/A","Light","N/A","N/A","2024-12-18 18:25:00","2024-12-18 23:40:00","255.0","27","Wednesday","evening","moyen","cheap","2689076437829146959"
"2024-11-21","2024-12-18","BOD","STO","Stockholm","https://www.kayak.fr/flights/BOD-STO/2024-12-18?sort=bestflight_a","06:00","10:35","275","295.0","False","BOD","ARN","N/A","N/A","AMS","160.0","Scandinavian Airlines","N/A","Light","N/A","N/A","2024-12-18 06:00:00","2024-12-18 10:35:00","115.0","27","Wednesday","morning","moyen","standard","2251366124793963636"
"2024-11-21","2024-12-18","BOD","STO","Stockholm","https://www.kayak.fr/flights/BOD-STO/2024-12-18?sort=bestflight_a","12:30","19:00","390","226.0","False","BOD","ARN","N/A","N/A","AMS","50.0","Air France","KLM","Go Light","N/A","N/A","2024-12-18 12:30:00","2024-12-18 19:00:00","340.0","27","Wednesday","afternoon","long","standard","6762865730280512217"
"2024-11-21","2024-12-18","BOD","STO","Stockholm","https://www.kayak.fr/flights/BOD-STO/2024-12-18?sort=bestflight_a","15:55","22:55","420","278.0","False","BOD","ARN","N/A","N/A","AMS","205.0","Vueling","Norwegian","Go Light","N/A","N/A","2024-12-18 15:55:00","2024-12-18 22:55:00","215.0","27","Wednesday","afternoon","long","standard","7308469619635648284"
"2024-11-21","2024-12-18","BOD","STO","Stockholm","https://www.kayak.fr/flights/BOD-STO/2024-12-18?sort=bestflight_a","07:15","18:05","650","121.0","False","BOD","ARN","N/A","N/A","FCO","125.0","easyJet","Ryanair","Economy","N/A","N/A","2024-12-18 07:15:00","2024-12-18 18:05:00","525.0","27","Wednesday","morning","long","cheap","5729423949789404952"
"2024-11-21","2024-12-18","BOD","STO","Stockholm","https://www.kayak.fr/flights/BOD-STO/2024-12-18?sort=bestflight_a","06:00","19:00","780","141.0","False","BOD","ARN","N/A","N/A","","60.0","KLM","N/A","","N/A","N/A","2024-12-18 06:00:00","2024-12-18 19:00:00","720.0","27","Wednesday","morning","long","cheap","8676929292500207911"
"2024-11-21","2024-12-20","BOD","STO","Stockholm","https://www.kayak.fr/flights/BOD-STO/2024-12-20?sort=bestflight_a","18:05","22:55","290","411.0","False","BOD","ARN","N/A","N/A","CDG","60.0","KLM","N/A","Light","N/A","N/A","2024-12-20 18:05:00","2024-12-20 22:55:00","230.0","29","Friday","evening","moyen","high","5570236586329109282"
"2024-11-21","2024-12-20","BOD","STO","Stockholm","https://www.kayak.fr/flights/BOD-STO/2024-12-20?sort=bestflight_a","06:00","11:50","350","448.0","False","BOD","ARN","N/A","N/A","BCN","540.0","Volotea","Norwegian","Economy","N/A","N/A","2024-12-20 06:00:00","2024-12-20 11:50:00","","29","Friday","morning","moyen","high","3090559473233124267"
"2024-11-21","2024-12-20","BOD","STO","Stockholm","https://www.kayak.fr/flights/BOD-STO/2024-12-20?sort=bestflight_a","06:00","12:45","405","463.0","False","BOD","ARN","N/A","N/A","AMS","175.0","Air France","KLM","Light","N/A","N/A","2024-12-20 06:00:00","2024-12-20 12:45:00","230.0","29","Friday","morning","long","high","3005366736455746361"
"2024-11-21","2024-12-20","BOD","STO","Stockholm","https://www.kayak.fr/flights/BOD-STO/2024-12-20?sort=bestflight_a","15:55","22:55","420","466.0","False","BOD","ARN","N/A","N/A","N/A","","Scandinavian Airlines","N/A","Economy","N/A","N/A","2024-12-20 15:55:00","2024-12-20 22:55:00","","29","Friday","afternoon","long","high","7685808146237702063"
"2024-11-21","2024-12-20","BOD","STO","Stockholm","https://www.kayak.fr/flights/BOD-STO/2024-12-20?sort=bestflight_a","09:45","20:15","630","228.0","False","BOD","ARN","N/A","N/A","AGP","60.0","Vueling","Norwegian","Economy","N/A","N/A","2024-12-20 09:45:00","2024-12-20 20:15:00","570.0","29","Friday","morning","long","standard","5712172650916645948"
"2024-11-21","2024-12-20","BOD","STO","Stockholm","https://www.kayak.fr/flights/BOD-STO/2024-12-20?sort=bestflight_a","19:45","07:30+1","705","214.0","False","BOD","ARN","0","0","NCE","85.0","easyJet","Scandinavian Airlines","Economy","N/A","N/A","2024-12-20 19:45:00","2024-12-21 07:30:00","620.0","29","Friday","evening","long","standard","7448726347772848535"
"2024-11-21","2024-12-21","BOD","STO","Stockholm","https://www.kayak.fr/flights/BOD-STO/2024-12-21?sort=bestflight_a","06:00","10:35","275","765.0","False","BOD","ARN","N/A","N/A","AMS","50.0","KLM","N/A","Light","N/A","N/A","2024-12-21 06:00:00","2024-12-21 10:35:00","225.0","30","Saturday","morning","moyen","high","2788944941449583020"
"2024-11-21","2024-12-21","BOD","STO","Stockholm","https://www.kayak.fr/flights/BOD-STO/2024-12-21?sort=bestflight_a","12:30","22:55","625","889.0","False","BOD","ARN","0","1","AMS","395.0","Air France","N/A","Affaires","N/A","N/A","2024-12-21 12:30:00","2024-12-21 22:55:00","230.0","30","Saturday","afternoon","long","high","5434318022883781740"
"2024-11-21","2024-12-22","BOD","STO","Stockholm","https://www.kayak.fr/flights/BOD-STO/2024-12-22?sort=bestflight_a","15:35","07:30+1","955","162.0","False","BOD","ARN","0","1","CDG","60.0","Air France","N/A","Light","N/A","N/A","2024-12-22 15:35:00","2024-12-23 07:30:00","895.0","31","Sunday","afternoon","long","cheap","4064269391605957503"
"2024-11-21","2024-12-22","BOD","STO","Stockholm","https://www.kayak.fr/flights/BOD-STO/2024-12-22?sort=bestflight_a","15:35","00:30+1","535","179.0","False","BOD","ARN","N/A","N/A","N/A","","easyJet","Ryanair","Standard","N/A","N/A","2024-12-22 15:35:00","2024-12-23 00:30:00","","31","Sunday","afternoon","long","cheap","7495874944884297963"
"2024-11-21","2024-12-23","BOD","STO","Stockholm","https://www.kayak.fr/flights/BOD-STO/2024-12-23?sort=bestflight_a","15:15","23:00","465","199.0","False","BOD","ARN","N/A","N/A","AMS","60.0","easyJet","Scandinavian Airlines","Light","N/A","N/A","2024-12-23 15:15:00","2024-12-23 23:00:00","405.0","32","Monday","afternoon","long","cheap","4039974753809774699"
"2024-11-21","2024-12-23","BOD","STO","Stockholm","https://www.kayak.fr/flights/BOD-STO/2024-12-23?sort=bestflight_a","18:35","23:40","305","441.0","False","BOD","ARN","N/A","N/A","AMS","160.0","Scandinavian Airlines","N/A","Light","N/A","N/A","2024-12-23 18:35:00","2024-12-23 23:40:00","145.0","32","Monday","evening","moyen","high","6375725783190564602"
"2024-11-21","2024-12-23","BOD","STO","Stockholm","https://www.kayak.fr/flights/BOD-STO/2024-12-23?sort=bestflight_a","15:55","22:55","420","386.0","False","BOD","ARN","N/A","N/A","N/A","","Air France","N/A","Standard","N/A","N/A","2024-12-23 15:55:00","2024-12-23 22:55:00","","32","Monday","afternoon","long","high","1247021408957274417"
"2024-11-21","2024-12-23","BOD","STO","Stockholm","https://www.kayak.fr/flights/BOD-STO/2024-12-23?sort=bestflight_a","09:55","18:35","520","300.0","False","BOD","ARN","N/A","N/A","MXP","75.0","Vueling","Iberia","Standard","N/A","N/A","2024-12-23 09:55:00","2024-12-23 18:35:00","445.0","32","Monday","morning","long","standard","3866898442068124510"
"2024-11-21","2024-12-23","BOD","STO","Stockholm","https://www.kayak.fr/flights/BOD-STO/2024-12-23?sort=bestflight_a","18:00","09:00+1","900","188.0","False","BOD","ARN","0","1","AMS","60.0","KLM","N/A","Standard","N/A","N/A","2024-12-23 18:00:00","2024-12-24 09:00:00","840.0","32","Monday","evening","long","cheap","3095615536960555355"
"2024-11-21","2024-12-24","BOD","STO","Stockholm","https://www.kayak.fr/flights/BOD-STO/2024-12-24?sort=bestflight_a","18:00","09:00+1","900","121.0","False","BOD","ARN","N/A","N/A","AMS","660.0","KLM","N/A","Light","N/A","N/A","2024-12-24 18:00:00","2024-12-25 09:00:00","240.0","33","Tuesday","evening","long","cheap","8862758717080862535"
"2024-11-21","2024-12-26","BOD","STO","Stockholm","https://www.kayak.fr/flights/BOD-STO/2024-12-26?sort=bestflight_a","12:30","21:00","510","","False","BOD","ARN","N/A","N/A","AMS","275.0","KLM","N/A","Light","N/A","N/A","2024-12-26 12:30:00","2024-12-26 21:00:00","235.0","35","Thursday","afternoon","long","cheap","3887831438080961511"
